,FC.avg,log2FC,p.value,FDR,is.DEP,C61,C62,C63,C64,I861,I862,I863,I864
Q6ID87, 4.4853678, 2.1652263, 0.0152371, 0.5660798,TRUE,2.85635368742407E-07,2.12229851295849E-07,1.05964587694438E-07,2.88032536155284E-07,0,9.3755402655078E-08,1.0508276949422E-07,0
Q8GXQ7, 2.7098771, 1.4382274, 0.0163201, 0.5731572,TRUE,1.80902400203525E-06,1.16726418212717E-06,2.11929175388877E-06,2.40027113462737E-06,1.64862956019179E-07,1.31257563717109E-06,5.25413847471099E-07,7.6326973049073E-07
B3H5Q1, 0.4530625,-1.1422179, 0.0053695, 0.5028645,TRUE,1.64716395974788E-05,1.67661582523721E-05,2.45837843451097E-05,3.61960887101807E-05,4.58319017733319E-05,4.94090971992261E-05,6.60970620118643E-05,4.61778186946892E-05
Q9SA57, 2.0546521, 1.0388941, 0.0027158, 0.4386197,TRUE,3.8084715832321E-07,5.30574628239622E-07,5.29822938472192E-07,5.76065072310568E-07,3.29725912038359E-07,1.87510805310156E-07,2.1016553898844E-07,2.5442324349691E-07
Q84TF4, 0.4689848,-1.0923871, 0.0046022, 0.494541,TRUE,4.49399646821388E-05,6.70646330094883E-05,3.94188266223311E-05,0.000105995973305145,0.000131890364815344,0.000123194599088772,0.000155522498851445,0.000138279032840571
AT1G04223, 4.7536614, 2.2490391, 0.0013076, 0.3526742,TRUE,4.76058947904012E-07,5.30574628239622E-07,7.41752113861069E-07,4.80054226925474E-07,1.64862956019179E-07,9.3755402655078E-08,2.1016553898844E-07,0
O64492, 2.3929613, 1.2587971, 0.0084892, 0.5133847,TRUE,1.99944758119685E-06,1.27337910777509E-06,1.80139799080545E-06,1.24814099000623E-06,6.59451824076718E-07,1.03130942920586E-06,3.15248308482659E-07,6.36058108742275E-07
P93821, 5.2775233, 2.399861, 0.0169689, 0.5657417,TRUE,1.90423579161605E-07,6.36689553887547E-07,6.3578752616663E-07,5.76065072310568E-07,0,2.81266207965234E-07,1.0508276949422E-07,0
Q1PFY7,0,-∞, 0.0258276, 0.5933749,TRUE,0,0,0,0,3.29725912038359E-07,9.3755402655078E-08,1.0508276949422E-07,1.27211621748455E-07
Q8L730, 2.0688216, 1.0488092, 0.0138063, 0.5533201,TRUE,3.36097617220233E-05,3.59729597946464E-05,2.26764217666098E-05,2.62109607901309E-05,9.39718849309323E-06,1.79072819071199E-05,2.14368849768208E-05,8.52317865714649E-06
Q9LR44, 0.2108023,-2.2460373, 0.0188501, 0.5830555,TRUE,1.14254147496963E-06,5.30574628239622E-06,6.78173361244406E-06,2.78431451616775E-06,2.68726618311263E-05,9.93807268143827E-06,2.66910234515318E-05,1.24667389313486E-05
A0A1P8AUV9, 7.9834844, 2.9970185, 0.0045507, 0.4969267,TRUE,3.8084715832321E-07,2.12229851295849E-07,4.23858350777754E-07,4.80054226925474E-07,0,1.87510805310156E-07,0,0
Q9LND1, 0.3635048,-1.4599535, 0.0003301, 0.2782278,TRUE,9.52117895808025E-07,1.16726418212717E-06,7.41752113861069E-07,1.05611929923604E-06,2.47294434028769E-06,3.28143909292773E-06,2.73215200684972E-06,2.28980919147219E-06
Q58G55,0,-∞, 0.0271035, 0.5955494,TRUE,0,0,0,0,0,9.3755402655078E-08,1.0508276949422E-07,1.27211621748455E-07
Q9LMJ2, 2.0134635, 1.0096793, 0.0047679, 0.4984535,TRUE,1.80902400203525E-06,1.27337910777509E-06,1.69543340311101E-06,1.44016268077642E-06,1.15404069213426E-06,5.62532415930468E-07,7.35579386459539E-07,6.36058108742275E-07
F4HSD5, 0.3404917,-1.5543084, 0.0459324, 0.6197544,TRUE,5.23664842694414E-06,5.83632091063585E-06,3.70876056930534E-06,4.99256396002492E-06,5.77020346067128E-06,1.70634832832242E-05,2.35385403667052E-05,1.17034692008579E-05
Q9LQN6, 2.5981831, 1.3775031, 0.0027241, 0.4373545,TRUE,5.73174973276431E-05,6.00610479167252E-05,3.3590774299137E-05,5.43421384879636E-05,1.43430771736686E-05,2.09074547920824E-05,2.5324947448107E-05,1.8445685153526E-05
Q3EDG6, 0.3219546,-1.6350708, 0.0032453, 0.4511942,TRUE,8.56906106227222E-07,5.30574628239622E-07,9.53681289249946E-07,1.05611929923604E-06,2.80267025232605E-06,1.6875972477914E-06,2.6270692373555E-06,3.43471378720829E-06
AT1G04677,0,-∞, 0.031776, 0.6010255,TRUE,0,0,0,0,0,1.87510805310156E-07,2.1016553898844E-07,1.27211621748455E-07
O04027, ∞, ∞, 0.0453583, 0.6210168,TRUE,1.90423579161605E-07,1.06114925647924E-07,0,9.60108453850947E-08,0,0,0,0
O80518, 2.2242478, 1.1533175, 0.0165322, 0.5665919,TRUE,7.6169431664642E-06,7.85250449794641E-06,3.70876056930534E-06,6.91278086772682E-06,1.81349251621097E-06,3.8439715088582E-06,3.78297970179191E-06,2.28980919147219E-06
AT1G04743, 2.8511384, 1.5115381, 0.0038211, 0.4749407,TRUE,3.8084715832321E-07,4.24459702591698E-07,3.17893763083315E-07,5.76065072310568E-07,1.64862956019179E-07,9.3755402655078E-08,2.1016553898844E-07,1.27211621748455E-07
A0A178W1Y6, 0.1730617,-2.5306414, 0.0129676, 0.5525475,TRUE,0,0,0,1.92021690770189E-07,1.64862956019179E-07,3.75021610620312E-07,3.15248308482659E-07,2.5442324349691E-07
Q9SXB8, 0.4308958,-1.2145891, 0.0460131, 0.6192943,TRUE,4.85580126862093E-06,5.83632091063585E-06,6.3578752616663E-06,8.35294354850324E-06,2.12673213264742E-05,1.37820441902965E-05,6.09480063066475E-06,1.78096270447837E-05
F4I8W6, 2.0223067, 1.0160018, 0.0032793, 0.4467191,TRUE,6.28397811233296E-06,6.26078061322754E-06,7.84137948938844E-06,7.77687847619267E-06,2.14321842824933E-06,4.96903634071913E-06,3.88806247128613E-06,2.92586730021447E-06
AT1G04927,0,-∞, 0.001184, 0.3670819,TRUE,0,0,0,0,1.64862956019179E-07,1.87510805310156E-07,1.0508276949422E-07,2.5442324349691E-07
AT1G13448, 2.333454, 1.2224671, 0.0091203, 0.5233889,TRUE,7.6169431664642E-07,8.48919405183396E-07,1.05964587694438E-06,1.24814099000623E-06,1.64862956019179E-07,3.75021610620312E-07,6.30496616965319E-07,5.0884648699382E-07
A0A178WP44, 2.1274633, 1.0891342, 0.0100106, 0.5325574,TRUE,1.94232050744837E-05,2.15413299065287E-05,1.68483694434157E-05,1.75699847054723E-05,3.29725912038359E-06,8.90676325223241E-06,1.53420843461561E-05,7.88712054840421E-06
AT1G05043, 7.6697215, 2.9391742, 0.0339802, 0.6077677,TRUE,2.85635368742407E-07,3.18344776943773E-07,1.05964587694438E-07,9.60108453850947E-08,0,0,1.0508276949422E-07,0
Q8H0Z4, 0.1000086,-3.3218044, 0.0345545, 0.6087545,TRUE,2.28508294993926E-06,3.50179254638151E-06,9.53681289249946E-07,4.51250973309945E-06,1.53322549097837E-05,1.51883752301226E-05,2.74266028379914E-05,5.45737857300872E-05
AT1G05147, 0.1269289,-2.9779075, 0.0302622, 0.5984105,TRUE,9.52117895808025E-08,0,1.05964587694438E-07,0,3.29725912038359E-07,9.3755402655078E-08,5.25413847471099E-07,6.36058108742275E-07
Q8VYL8, ∞, ∞, 0.0135541, 0.5489202,TRUE,9.52117895808025E-08,1.06114925647924E-07,3.17893763083315E-07,1.92021690770189E-07,0,0,0,0
A0A178W6B2, 2.2132762, 1.1461835, 0.0030649, 0.4517347,TRUE,0.000247550652910086,0.000219976240868147,0.000338238963920647,0.000307426726923073,9.3642159018894E-05,0.00013828921891624,0.000167607017343281,0.000103423048481494
A0A178WJH0, 0.4937668,-1.0180982, 0.0110183, 0.5325922,TRUE,2.85635368742407E-07,2.12229851295849E-07,1.05964587694438E-07,1.92021690770189E-07,3.29725912038359E-07,3.75021610620312E-07,5.25413847471099E-07,3.81634865245365E-07
Q9M9E1, 0.3610607,-1.4696869, 0.013715, 0.5521193,TRUE,1.90423579161605E-07,3.18344776943773E-07,3.17893763083315E-07,9.60108453850947E-08,6.59451824076718E-07,3.75021610620312E-07,6.30496616965319E-07,8.90481352239185E-07
F4I177, 3.3388713, 1.7393605, 0.0046952, 0.4966221,TRUE,8.56906106227222E-07,6.36689553887547E-07,9.53681289249946E-07,4.80054226925474E-07,3.29725912038359E-07,1.87510805310156E-07,1.0508276949422E-07,2.5442324349691E-07
Q9S9M1, 2.379027, 1.2503717, 0.0293055, 0.5965501,TRUE,5.71270737484815E-06,5.94243583628377E-06,3.07297304313871E-06,2.97633620693794E-06,9.89177736115077E-07,2.53139587168711E-06,2.52198646786128E-06,1.39932783923301E-06
Q39224, 0.4256366,-1.232306, 0.0008786, 0.4157502,TRUE,5.33186021652494E-06,5.1996313567483E-06,4.02665433238866E-06,6.52873748618644E-06,9.72691440513159E-06,1.200069153985E-05,1.47115877291908E-05,1.31027970400909E-05
Q9SHH7, 0.2772811,-1.8505788, 0.0032788, 0.4489171,TRUE,8.37863748311062E-06,1.03992627134966E-05,5.93401691088855E-06,8.35294354850324E-06,2.12673213264742E-05,3.03767504602453E-05,4.20331077976879E-05,2.55695359714395E-05
Q9LMS3, 2.0946214, 1.0666895, 0.0297631, 0.5972986,TRUE,6.65530409169809E-05,6.92930464480947E-05,3.93128620346366E-05,4.80054226925474E-05,9.72691440513159E-06,4.31274852213359E-05,3.32061551601735E-05,2.04810711015013E-05
A0A1P8AS82, 2.3023538, 1.2031095, 0.0262171, 0.5942259,TRUE,3.8084715832321E-07,3.18344776943773E-07,2.11929175388877E-07,3.84043381540379E-07,1.64862956019179E-07,1.87510805310156E-07,2.1016553898844E-07,0
Q2Q493, 2.5409784, 1.3453841, 0.049471, 0.620908,TRUE,7.6169431664642E-07,1.69783881036679E-06,1.16561046463882E-06,2.01622775308699E-06,1.64862956019179E-07,7.50043221240624E-07,1.0508276949422E-06,2.5442324349691E-07
Q9M9V6, 0.2259814,-2.145724, 0.0297777, 0.5971489,TRUE,2.76114189784327E-06,2.44064328990226E-06,2.01332716619433E-06,3.07234705232303E-06,1.02215032731891E-05,1.97823899602215E-05,4.83380739673411E-06,1.06857762268702E-05
P92995, 0.4292629,-1.2200666, 0.0400734, 0.6110006,TRUE,3.7132597936513E-06,5.41186120804415E-06,3.81472515699978E-06,4.60852057848455E-06,9.89177736115077E-06,7.87545382302655E-06,1.64979948105925E-05,6.61500433091966E-06
Q9LNS5, 0.3301603,-1.5987614, 0.0206129, 0.5914599,TRUE,3.33241263532809E-06,6.36689553887547E-06,4.02665433238866E-06,1.09452363739008E-05,1.53322549097837E-05,1.43445766062269E-05,2.95282582278758E-05,1.55198178533115E-05
AT1G05533, ∞, ∞, 0.0041182, 0.4992173,TRUE,9.52117895808025E-08,1.06114925647924E-07,2.11929175388877E-07,9.60108453850947E-08,0,0,0,0
Q9LMV9, 2.5925571, 1.3743757, 0.0256164, 0.5930691,TRUE,2.85635368742407E-07,4.24459702591698E-07,5.29822938472192E-07,4.80054226925474E-07,0,9.3755402655078E-08,3.15248308482659E-07,2.5442324349691E-07
AT1G20691, 2.7524994, 1.4607422, 0.0248907, 0.5925429,TRUE,4.37974232071691E-06,1.91006866166264E-06,2.96700845544428E-06,4.12846635155907E-06,1.31890364815344E-06,2.34388506637695E-06,9.45744925447978E-07,2.5442324349691E-07
Q9LM69, 2.0129626, 1.0093204, 0.0030075, 0.4506603,TRUE,3.06581962450184E-05,2.76959955941083E-05,2.61732531605263E-05,1.89141365408637E-05,1.56619808218221E-05,1.27507347610906E-05,1.0508276949422E-05,1.24667389313486E-05
Q0V805, 2.0221732, 1.0159066, 0.0054788, 0.5043472,TRUE,2.08513819181957E-05,1.48560895907094E-05,2.40539614066375E-05,2.21785052839569E-05,7.2539700648439E-06,1.38757995929515E-05,1.06133597189162E-05,8.7776019006434E-06
Q9LMN6, 2.7963563, 1.4835482, 0.0141537, 0.5500772,TRUE,3.61804800407049E-06,3.71402239767736E-06,2.01332716619433E-06,2.20824944385718E-06,3.29725912038359E-07,1.12506483186094E-06,1.78640708140174E-06,8.90481352239185E-07
F4I1A6, 2.7750384, 1.4725077, 0.0322736, 0.6040836,TRUE,4.76058947904012E-07,4.24459702591698E-07,2.11929175388877E-07,4.80054226925474E-07,1.64862956019179E-07,9.3755402655078E-08,3.15248308482659E-07,0
F4I680, 4.0025086, 2.0009045, 0.0189289, 0.5821556,TRUE,2.85635368742407E-07,2.12229851295849E-07,1.05964587694438E-07,1.92021690770189E-07,0,9.3755402655078E-08,1.0508276949422E-07,0
B9DGT3, 0.498773,-1.0035447, 0.0286258, 0.5934635,TRUE,2.07561701286149E-05,2.27085940886558E-05,1.72722277941935E-05,2.64989933262861E-05,4.6821079509447E-05,3.39394557611382E-05,3.07892514618064E-05,6.33513876307306E-05
A0A178W6L4, 0.4565813,-1.1310564, 0.0390554, 0.6096076,TRUE,9.04512001017624E-06,1.46438597394136E-05,6.67576902474962E-06,9.69709538389456E-06,2.67077988751071E-05,1.26569793584355E-05,1.73386569665463E-05,3.1039635706623E-05
Q9C673, 2.4764039, 1.3082466, 0.0267474, 0.5962234,TRUE,9.52117895808025E-07,4.24459702591698E-07,7.41752113861069E-07,4.80054226925474E-07,1.64862956019179E-07,1.87510805310156E-07,3.15248308482659E-07,3.81634865245365E-07
Q9ZVH0, 2.2057419, 1.141264, 0.019324, 0.583007,TRUE,1.71381221245444E-06,1.48560895907094E-06,1.58946881541658E-06,1.44016268077642E-06,6.59451824076718E-07,1.21882023451601E-06,9.45744925447978E-07,0
A0A1P8AQ87, 2.8641118, 1.5180878, 0.0245818, 0.5909273,TRUE,2.85635368742407E-07,5.30574628239622E-07,4.23858350777754E-07,6.72075917695663E-07,1.64862956019179E-07,1.87510805310156E-07,3.15248308482659E-07,0
Q9FZ99, 0.4937158,-1.0182472, 0.0167003, 0.5644616,TRUE,1.01876614851459E-05,1.29460209290468E-05,1.23978567602493E-05,1.69939196331618E-05,2.91807432153948E-05,1.65009508672937E-05,2.58503612955781E-05,3.48559843590767E-05
Q9SGP6, 0.2581682,-1.9536168, 0.0000896, 0.1611715,TRUE,2.85635368742407E-07,9.5503433083132E-07,5.29822938472192E-07,5.76065072310568E-07,2.14321842824933E-06,2.15637426106679E-06,2.6270692373555E-06,2.16259756972374E-06
Q52K95, 0.3377663,-1.5659026, 0.0163795, 0.5700481,TRUE,8.56906106227222E-07,1.80395373601472E-06,7.41752113861069E-07,1.44016268077642E-06,2.96753320834523E-06,2.34388506637695E-06,5.46430401369943E-06,3.56192540895674E-06
Q9C752, 2.180978, 1.1249752, 0.0081967, 0.5129489,TRUE,9.61639074766105E-06,6.47301046452339E-06,9.64277748019389E-06,8.35294354850324E-06,1.31890364815344E-06,5.34405795133945E-06,5.14905570521677E-06,3.81634865245365E-06
A0A1P8AU14, 7.4815823, 2.9033434, 0.0257073, 0.5923781,TRUE,9.52117895808025E-08,2.12229851295849E-07,1.05964587694438E-07,2.88032536155284E-07,0,9.3755402655078E-08,0,0
Q6NM06, 3.57583, 1.8382781, 0.0350185, 0.6077989,TRUE,2.85635368742407E-07,3.18344776943773E-07,4.23858350777754E-07,7.68086763080758E-07,1.64862956019179E-07,0,2.1016553898844E-07,1.27211621748455E-07
Q9C615, 2.3598832, 1.2387155, 0.0119331, 0.5483112,TRUE,9.52117895808025E-07,1.27337910777509E-06,1.05964587694438E-06,1.44016268077642E-06,6.59451824076718E-07,3.75021610620312E-07,8.40662155953759E-07,1.27211621748455E-07
Q9LQL2, 2.2834214, 1.1911971, 0.0014193, 0.357779,TRUE,0.00102638309168105,0.000841915820090633,0.00116741186262963,0.00111814230535481,0.000247789022896827,0.000616441772457138,0.000476970690734264,0.000477934062908946
Q9MAP5, 0.2213787,-2.1754117, 0.0079274, 0.5189731,TRUE,9.52117895808025E-08,0,1.05964587694438E-07,1.92021690770189E-07,4.94588868057538E-07,5.62532415930468E-07,2.1016553898844E-07,5.0884648699382E-07
AT1G06737, 5.3171756, 2.4106601, 0.0199698, 0.5880194,TRUE,1.90423579161605E-07,1.06114925647924E-07,1.05964587694438E-07,9.60108453850947E-08,0,9.3755402655078E-08,0,0
Q3ED15, 0.3058804,-1.7089602, 0.0043541, 0.4997437,TRUE,1.90423579161605E-07,3.18344776943773E-07,0,2.88032536155284E-07,4.94588868057538E-07,8.43798623895702E-07,6.30496616965319E-07,6.36058108742275E-07
Q4PT07, 0.1608344,-2.6363525, 0.0389193, 0.6099538,TRUE,9.52117895808025E-08,1.06114925647924E-07,0,0,3.29725912038359E-07,5.62532415930468E-07,1.0508276949422E-07,2.5442324349691E-07
F4I389, 2.3868579, 1.2551127, 0.0152316, 0.5674408,TRUE,7.6169431664642E-07,1.37949403342302E-06,1.05964587694438E-06,6.72075917695663E-07,3.29725912038359E-07,4.6877701327539E-07,3.15248308482659E-07,5.0884648699382E-07
A0A1P8AMN4, 3.2908499, 1.7184602, 0.0421958, 0.6158577,TRUE,4.95101305820173E-06,6.79135524146717E-06,1.69543340311101E-06,4.22447719694417E-06,8.24314780095897E-07,1.21882023451601E-06,2.94231754583815E-06,3.81634865245365E-07
Q94LA7, ∞, ∞, 0.0244628, 0.596843,TRUE,9.52117895808025E-08,0,1.05964587694438E-07,9.60108453850947E-08,0,0,0,0
Q94LA9, 2.5897382, 1.3728063, 0.0024517, 0.4238927,TRUE,6.66482527065617E-07,8.48919405183396E-07,5.29822938472192E-07,6.72075917695663E-07,1.64862956019179E-07,1.87510805310156E-07,3.15248308482659E-07,3.81634865245365E-07
Q058G8, 7.0505986, 2.8177457, 0.0012239, 0.3709013,TRUE,2.85635368742407E-07,3.18344776943773E-07,3.17893763083315E-07,4.80054226925474E-07,0,9.3755402655078E-08,1.0508276949422E-07,0
Q8L7S1, 0.4848914,-1.0442665, 0.0102576, 0.5290014,TRUE,7.24561718709907E-05,9.20016405367505E-05,8.64671035586617E-05,0.000103499691325132,0.000186460003257692,0.000247232996801441,0.000128306061552442,0.000168937033681948
F4HV37, ∞, ∞, 0.0244713, 0.5930272,TRUE,9.52117895808025E-08,1.06114925647924E-07,1.05964587694438E-07,0,0,0,0,0
A0A178WPD2, 58.3617627, 5.8669516, 0.000011, 0.059506,TRUE,0.000186424683999211,0.000161400801910493,0.000208008485644183,0.000228793844552681,3.29725912038359E-06,4.59401473009882E-06,2.6270692373555E-06,2.92586730021447E-06
Q9FVP7, 2.1455415, 1.1013418, 0.0014247, 0.3558034,TRUE,1.90423579161605E-06,2.12229851295849E-06,2.33122092927764E-06,2.68830367078265E-06,8.24314780095897E-07,1.40633103982617E-06,8.40662155953759E-07,1.1449045957361E-06
F4I3G1, 2.5981034, 1.3774588, 0.0210495, 0.5938781,TRUE,1.52338863329284E-06,9.5503433083132E-07,2.11929175388877E-06,2.01622775308699E-06,1.64862956019179E-07,1.03130942920586E-06,8.40662155953759E-07,5.0884648699382E-07
Q9LPM8, 0.3285691,-1.6057314, 0.0427074, 0.6163208,TRUE,5.71270737484815E-07,9.5503433083132E-07,2.11929175388877E-07,2.88032536155284E-07,6.59451824076718E-07,2.34388506637695E-06,1.89148985089596E-06,1.27211621748455E-06
Q9C8J6, 2.0140044, 1.0100668, 0.0306292, 0.5982125,TRUE,4.28453053113611E-06,5.41186120804415E-06,2.96700845544428E-06,3.5524012792485E-06,2.14321842824933E-06,3.37519449558281E-06,1.26099323393064E-06,1.27211621748455E-06
Q0IGL7, 0.3177625,-1.6539791, 0.0237714, 0.5992162,TRUE,1.42817684371204E-06,1.37949403342302E-06,3.17893763083315E-07,4.80054226925474E-07,3.29725912038359E-06,1.12506483186094E-06,3.36264862381503E-06,3.56192540895674E-06
Q1G300, 2.1671154, 1.115776, 0.0334366, 0.604459,TRUE,9.52117895808025E-07,1.16726418212717E-06,9.53681289249946E-07,1.15213014462114E-06,0,9.3755402655078E-07,6.30496616965319E-07,3.81634865245365E-07
Q9FZB8, ∞, ∞, 0.0423111, 0.6157088,TRUE,0,1.06114925647924E-07,1.05964587694438E-07,1.92021690770189E-07,0,0,0,0
A0A178WGJ8, 0.3415268,-1.5499292, 0.0486221, 0.6215329,TRUE,9.52117895808025E-08,4.24459702591698E-07,6.3578752616663E-07,4.80054226925474E-07,6.59451824076718E-07,7.50043221240624E-07,1.47115877291908E-06,1.90817432622683E-06
Q38824, 3.3051236, 1.7247042, 0.0452066, 0.6205155,TRUE,7.6169431664642E-07,6.36689553887547E-07,1.58946881541658E-06,7.68086763080758E-07,1.64862956019179E-07,6.56287818585546E-07,3.15248308482659E-07,0
A0A178WC31, 4.7485295, 2.2474808, 0.0330044, 0.6055746,TRUE,2.85635368742407E-07,3.18344776943773E-07,1.05964587694438E-07,2.88032536155284E-07,0,0,2.1016553898844E-07,0
Q9LPG4, 55.0403379, 5.7824174, 0, 0.0010962,TRUE,3.51331503553161E-05,3.20467075456732E-05,3.5286207702248E-05,3.17795898224663E-05,6.59451824076718E-07,4.6877701327539E-07,4.20331077976879E-07,8.90481352239185E-07
P13853, 0.3895037,-1.360291, 0.0028419, 0.4456526,TRUE,0.000102733520957686,0.000108980028640418,0.000148880245710686,0.000264893922417476,0.000459802784337492,0.000379803136155721,0.000315668639560636,0.000450583564233028
A0A178W501, 2.1097678, 1.0770842, 0.0436355, 0.6171663,TRUE,9.52117895808025E-07,8.48919405183396E-07,5.29822938472192E-07,8.64097608465852E-07,0,3.75021610620312E-07,6.30496616965319E-07,5.0884648699382E-07
F4HTB2, 0.3664631,-1.4482602, 0.0025744, 0.4233985,TRUE,3.8084715832321E-07,6.36689553887547E-07,8.47716701555507E-07,6.72075917695663E-07,1.81349251621097E-06,1.96886345575664E-06,1.99657262039018E-06,1.1449045957361E-06
AT1G07937, 2.0360571, 1.025778, 0.0476111, 0.6206704,TRUE,1.71381221245444E-06,6.36689553887547E-07,1.16561046463882E-06,1.53617352616152E-06,8.24314780095897E-07,7.50043221240624E-07,5.25413847471099E-07,3.81634865245365E-07
Q9SYF3, 6.4030739, 2.6787647, 0.0012466, 0.3694815,TRUE,1.71381221245444E-06,1.06114925647924E-06,1.16561046463882E-06,1.15213014462114E-06,0,3.75021610620312E-07,4.20331077976879E-07,0
A0A178W7A5, 0.2796555,-1.8382775, 0.0069112, 0.5163717,TRUE,1.90423579161605E-07,1.06114925647924E-07,1.05964587694438E-07,0,4.94588868057538E-07,3.75021610620312E-07,3.15248308482659E-07,2.5442324349691E-07
AT1G08043, 2.2925331, 1.1969426, 0.042272, 0.6156369,TRUE,8.56906106227222E-07,8.48919405183396E-07,7.41752113861069E-07,7.68086763080758E-07,0,7.50043221240624E-07,5.25413847471099E-07,1.27211621748455E-07
F4I9R6, 2.0911682, 1.0643091, 0.0205439, 0.5913652,TRUE,5.04622484778253E-06,3.18344776943773E-06,4.66244185855529E-06,4.99256396002492E-06,8.24314780095897E-07,3.28143909292773E-06,3.04740031533237E-06,1.39932783923301E-06
Q94HW4, ∞, ∞, 0.0244628, 0.596843,TRUE,9.52117895808025E-08,0,1.05964587694438E-07,9.60108453850947E-08,0,0,0,0
Q682B4, 2.2341379, 1.1597182, 0.0087859, 0.5196794,TRUE,1.53290981225092E-05,1.22032164495113E-05,1.56827589787769E-05,1.50737027254599E-05,4.61616276853703E-06,1.23757131504703E-05,4.51855908825145E-06,4.57961838294438E-06
F4HPY8, 0.460037,-1.1201783, 0.028879, 0.5936927,TRUE,8.56906106227222E-06,6.79135524146717E-06,1.16561046463882E-05,1.017714961082E-05,9.56205144911241E-06,2.48451817035957E-05,2.5324947448107E-05,2.11171292102435E-05
A8MRV9, 2.043937, 1.0313507, 0.0369733, 0.6110561,TRUE,1.99944758119685E-06,2.54675821555019E-06,2.22525634158321E-06,2.30426028924227E-06,3.29725912038359E-07,1.50008644248125E-06,2.1016553898844E-06,5.0884648699382E-07
Q5E930, 4.45788, 2.1563578, 0.0010679, 0.4056866,TRUE,1.79950282307717E-05,1.48560895907094E-05,2.51136072835819E-05,1.78580172416276E-05,8.24314780095897E-07,5.34405795133945E-06,6.51513170864163E-06,4.32519513944747E-06
AT1G08543, 4.8463391, 2.2768954, 0.0397897, 0.6125613,TRUE,9.52117895808025E-08,1.06114925647924E-07,2.11929175388877E-07,9.60108453850947E-08,0,0,1.0508276949422E-07,0
Q9CAN3, 2.1558023, 1.1082249, 0.0310687, 0.5994166,TRUE,2.62784539243015E-05,1.52805492933011E-05,2.87164032651928E-05,2.0258288376255E-05,5.93506641669046E-06,1.95011237522562E-05,9.562532023974E-06,6.99663919616503E-06
Q9SH66,0,-∞, 0.0371507, 0.6108075,TRUE,0,0,0,0,1.64862956019179E-07,9.3755402655078E-08,1.0508276949422E-07,0
AT1G64618, ∞, ∞, 0.0100577, 0.5308712,TRUE,2.85635368742407E-07,1.06114925647924E-07,4.23858350777754E-07,1.92021690770189E-07,0,0,0,0
A0A1P8APL7, 80.3698845, 6.3285831, 0.0029441, 0.453761,TRUE,3.04677726658568E-06,2.75898806684604E-06,4.55647727086085E-06,6.52873748618644E-06,0,0,2.1016553898844E-07,0
Q9XIQ2, 0.1438753,-2.7971093, 0.0162008, 0.5719465,TRUE,3.8084715832321E-07,3.18344776943773E-07,4.23858350777754E-07,2.88032536155284E-07,4.28643685649867E-06,1.40633103982617E-06,2.20673815937862E-06,1.90817432622683E-06
F4IBG8, 2.2252607, 1.1539744, 0.0386544, 0.6125651,TRUE,2.66593010826247E-06,4.03236717462113E-06,1.80139799080545E-06,2.88032536155284E-06,3.29725912038359E-07,1.87510805310156E-06,1.89148985089596E-06,1.01769297398764E-06
O04474, 0.4978974,-1.0060796, 0.0378845, 0.6082269,TRUE,3.61804800407049E-06,7.85250449794641E-06,1.80139799080545E-06,2.20824944385718E-06,6.75938119678636E-06,7.12541060178593E-06,8.30153879004337E-06,8.90481352239185E-06
Q9SHY6, 0.0915299,-3.4496135, 0.0372817, 0.610542,TRUE,0,1.06114925647924E-07,0,9.60108453850947E-08,1.64862956019179E-07,1.03130942920586E-06,6.30496616965319E-07,3.81634865245365E-07
AT1G08803, ∞, ∞, 0.0454073, 0.6196439,TRUE,1.90423579161605E-07,0,1.05964587694438E-07,9.60108453850947E-08,0,0,0,0
Q7X6Y7, 3.6193488, 1.8557301, 0.0052367, 0.5008679,TRUE,1.90423579161605E-06,2.44064328990226E-06,1.27157505233326E-06,1.44016268077642E-06,1.64862956019179E-07,5.62532415930468E-07,8.40662155953759E-07,3.81634865245365E-07
Q9C8Y5, 6.5055461, 2.7016702, 0.0084212, 0.5150473,TRUE,2.85635368742407E-07,3.18344776943773E-07,4.23858350777754E-07,1.92021690770189E-07,0,1.87510805310156E-07,0,0
Q9C9M3, 3.1445001, 1.6528307, 0.0476128, 0.6203923,TRUE,2.47550652910086E-06,2.44064328990226E-06,8.47716701555507E-07,1.15213014462114E-06,0,6.56287818585546E-07,5.25413847471099E-07,1.01769297398764E-06
F4HQ23, 3.3056702, 1.7249428, 0.016473, 0.5696276,TRUE,2.85635368742407E-06,3.50179254638151E-06,1.69543340311101E-06,1.8242060623168E-06,0,1.40633103982617E-06,9.45744925447978E-07,6.36058108742275E-07
Q9FZH9, 4.2587516, 2.0904306, 0.017186, 0.5666754,TRUE,1.42817684371204E-06,6.36689553887547E-07,1.27157505233326E-06,1.15213014462114E-06,0,8.43798623895702E-07,2.1016553898844E-07,0
Q9FXC7,0,-∞, 0.0430572, 0.6174052,TRUE,0,0,0,0,1.64862956019179E-07,9.3755402655078E-08,2.1016553898844E-07,0
Q93ZF5, 2.7130634, 1.4399228, 0.0020118, 0.3960817,TRUE,8.23581979873942E-05,6.20772315040358E-05,0.00010003057078355,9.05382271981443E-05,1.61565696898796E-05,4.36900176372663E-05,3.79348797874134E-05,2.56967475931879E-05
Q8RX77, 0.315187,-1.66572, 0.0327055, 0.6046137,TRUE,1.52338863329284E-06,4.56294180286075E-06,4.1326189200831E-06,3.74442297001869E-06,1.69808844699755E-05,1.39695549956066E-05,5.46430401369943E-06,7.88712054840421E-06
Q4PSX0, 0.3728954,-1.4231573, 0.0409154, 0.612414,TRUE,1.16158383288579E-05,1.62355836241324E-05,4.55647727086085E-06,1.13292797554412E-05,3.90725205765455E-05,1.31257563717109E-05,2.37487059056937E-05,4.13437770682479E-05
F4I5D5, 3.4946822, 1.8051613, 0.007303, 0.5169974,TRUE,4.57016589987852E-06,5.94243583628377E-06,2.86104386774984E-06,4.32048804232926E-06,6.59451824076718E-07,1.50008644248125E-06,2.52198646786128E-06,3.81634865245365E-07
Q9S843, 2.2048518, 1.1406817, 0.0204521, 0.5925171,TRUE,1.42817684371204E-06,9.5503433083132E-07,7.41752113861069E-07,1.53617352616152E-06,4.94588868057538E-07,3.75021610620312E-07,7.35579386459539E-07,5.0884648699382E-07
Q1PFE5, 2.3640383, 1.2412534, 0.0349494, 0.6069901,TRUE,1.04732968538883E-06,6.36689553887547E-07,5.29822938472192E-07,5.76065072310568E-07,4.94588868057538E-07,9.3755402655078E-08,2.1016553898844E-07,3.81634865245365E-07
Q9C9H5, 0.4906,-1.0273808, 0.0129748, 0.5511106,TRUE,1.61860042287364E-06,2.33452836425434E-06,1.48350422772214E-06,2.11223859847208E-06,5.11075163659456E-06,3.8439715088582E-06,3.88806247128613E-06,2.5442324349691E-06
AT1G09247, ∞, ∞, 0.0370687, 0.6111357,TRUE,1.90423579161605E-07,3.18344776943773E-07,0,1.92021690770189E-07,0,0,0,0
Q9C7T1, 2.9215812, 1.5467494, 0.0062475, 0.5137401,TRUE,6.56961348107537E-06,9.1258836057215E-06,5.61612314780523E-06,5.08857480541002E-06,1.31890364815344E-06,3.18768369027265E-06,3.25756585432081E-06,1.27211621748455E-06
AT1G09423, ∞, ∞, 0.0244628, 0.596843,TRUE,9.52117895808025E-08,0,1.05964587694438E-07,9.60108453850947E-08,0,0,0,0
AT1G74205, 2.8026745, 1.4868042, 0.047913, 0.6201102,TRUE,5.71270737484815E-07,5.30574628239622E-07,7.41752113861069E-07,3.84043381540379E-07,0,5.62532415930468E-07,1.0508276949422E-07,1.27211621748455E-07
AT1G09427, ∞, ∞, 0.033333, 0.6046121,TRUE,1.90423579161605E-07,3.18344776943773E-07,3.17893763083315E-07,0,0,0,0,0
B3H4W3, 9.6257365, 3.2668969, 0.0092953, 0.5256059,TRUE,1.90423579161605E-07,1.06114925647924E-07,3.17893763083315E-07,2.88032536155284E-07,0,9.3755402655078E-08,0,0
Q9SGR3, 2.973483, 1.5721538, 0.0305744, 0.5980068,TRUE,1.61860042287364E-06,2.97121791814189E-06,1.3775396400277E-06,1.7281952169317E-06,6.59451824076718E-07,5.62532415930468E-07,1.36607600342486E-06,0
A0A178WB81, 0.4471516,-1.1611641, 0.0481624, 0.619473,TRUE,1.42817684371204E-06,1.80395373601472E-06,3.28490221852759E-06,2.88032536155284E-06,3.13239616436441E-06,4.87528093806406E-06,8.30153879004337E-06,4.70683000469284E-06
Q9C9K5, 0.4723907,-1.0819474, 0.0082035, 0.5121851,TRUE,1.31392269621507E-05,1.87823418396826E-05,1.97094133111655E-05,2.5346863181665E-05,3.80833428404305E-05,3.41269665664484E-05,5.53786195234538E-05,3.53648308460705E-05
A0A178WJJ5, 6.3674957, 2.6707261, 0.0275001, 0.5957686,TRUE,4.76058947904012E-07,1.16726418212717E-06,7.41752113861069E-07,2.88032536155284E-07,0,1.87510805310156E-07,1.0508276949422E-07,1.27211621748455E-07
Q8LAH7, 0.3901337,-1.3579594, 0.0009125, 0.4034924,TRUE,0.000111302582019958,0.000169889995962327,7.64004677276901E-05,0.000152657244162301,0.000289004761901622,0.000277797258066996,0.000373569245551951,0.000367514375231287
AT1G77138, 2.8220361, 1.4967365, 0.0456921, 0.6196112,TRUE,5.71270737484815E-07,7.42804479535471E-07,1.3775396400277E-06,7.68086763080758E-07,0,6.56287818585546E-07,3.15248308482659E-07,2.5442324349691E-07
Q8GYM1, 0.4776725,-1.0659062, 0.0095701, 0.5300299,TRUE,1.4472192016282E-05,1.93129164679223E-05,1.13382108833049E-05,1.78580172416276E-05,2.78618395672413E-05,2.55952249248363E-05,4.45550942655492E-05,3.3838291385089E-05
Q9M9F5, 3.965851, 1.9876305, 0.04503, 0.6206174,TRUE,6.66482527065617E-07,1.06114925647924E-06,5.29822938472192E-07,1.7281952169317E-06,0,5.62532415930468E-07,3.15248308482659E-07,1.27211621748455E-07
Q8LEA2, 4.7674641, 2.2532221, 0.0170814, 0.5666893,TRUE,3.7132597936513E-06,5.09351643110037E-06,1.90736257849989E-06,2.20824944385718E-06,1.64862956019179E-07,1.40633103982617E-06,6.30496616965319E-07,5.0884648699382E-07
A0A1P8AN89, 6.1899803, 2.6299348, 0.0239446, 0.6007752,TRUE,1.04732968538883E-06,3.18344776943773E-07,4.23858350777754E-07,6.72075917695663E-07,0,1.87510805310156E-07,2.1016553898844E-07,0
Q9C971, 6.2624039, 2.6467166, 0.014384, 0.5526566,TRUE,1.90423579161605E-07,2.12229851295849E-07,1.05964587694438E-07,2.88032536155284E-07,0,0,0,1.27211621748455E-07
Q9ZT84, 2.7908176, 1.4806879, 0.0041703, 0.4977066,TRUE,3.65613271990282E-05,2.91816045531792E-05,2.19346696527487E-05,2.25625486654973E-05,6.09992937270964E-06,1.52821306327777E-05,8.19645602054915E-06,9.92250649637949E-06
Q1G324, 5.0410038, 2.333711, 0.0023304, 0.424692,TRUE,2.85635368742407E-07,3.18344776943773E-07,3.17893763083315E-07,1.92021690770189E-07,0,9.3755402655078E-08,0,1.27211621748455E-07
Q9LZW0, 2.3652099, 1.2419682, 0.0299364, 0.5981062,TRUE,1.90423579161605E-07,2.12229851295849E-07,3.17893763083315E-07,1.92021690770189E-07,1.64862956019179E-07,9.3755402655078E-08,0,1.27211621748455E-07
Q0WRE7, 2.1040751, 1.0731862, 0.0332985, 0.6043919,TRUE,1.10445675913731E-05,7.95861942359434E-06,7.31155655091625E-06,7.39283509465229E-06,1.31890364815344E-06,7.59418761506132E-06,4.30839354926301E-06,2.79865567846601E-06
F4JW83, 2.0622136, 1.0441937, 0.0004069, 0.2965838,TRUE,1.36152859100548E-05,1.43255149624698E-05,1.04904941817494E-05,1.20973665185219E-05,5.44047754863292E-06,6.84414439382069E-06,6.62021447813585E-06,5.59731135693202E-06
Q0WL44, 0.4011974,-1.3176159, 0.0281884, 0.5930558,TRUE,7.6169431664642E-07,2.12229851295849E-07,8.47716701555507E-07,1.24814099000623E-06,1.97835547223015E-06,2.43764046903203E-06,9.45744925447978E-07,2.28980919147219E-06
Q8L5X9, 2.0535994, 1.0381548, 0.0184857, 0.5797634,TRUE,1.34248623308932E-05,1.19909865982155E-05,8.05330866477732E-06,7.2008134038821E-06,3.79184798844113E-06,5.5315687566496E-06,6.41004893914741E-06,4.07077189595056E-06
B3H6G1,0,-∞, 0.0478314, 0.6199467,TRUE,0,0,0,0,0,9.3755402655078E-08,2.1016553898844E-07,1.27211621748455E-07
Q9FLB5, 0.383203,-1.3838191, 0.0062728, 0.5126934,TRUE,5.04622484778253E-06,8.80753882877773E-06,5.5101585601108E-06,1.37295508900685E-05,1.6486295601918E-05,2.58764911328015E-05,2.60605268345665E-05,1.79368386665322E-05
Q9FFG2, 0.4052679,-1.3030521, 0.0420662, 0.6149648,TRUE,3.8084715832321E-07,0,2.11929175388877E-07,3.84043381540379E-07,8.24314780095897E-07,4.6877701327539E-07,7.35579386459539E-07,3.81634865245365E-07
Q9FFF6, 0.3287689,-1.6048544, 0.0104283, 0.5267278,TRUE,1.25679562246659E-05,2.00557209474577E-05,8.47716701555507E-06,1.06572038377455E-05,2.20916361065701E-05,4.83777877700202E-05,5.15956398216619E-05,3.53648308460705E-05
A0A178UA82, ∞, ∞, 0.0244713, 0.5930272,TRUE,9.52117895808025E-08,1.06114925647924E-07,1.05964587694438E-07,0,0,0,0,0
Q9SD98, 0.4852858,-1.0430934, 0.0044319, 0.4960038,TRUE,5.42707200610574E-06,7.74638957229849E-06,1.43052193387492E-05,8.44895439388833E-06,2.1102458370455E-05,1.6782217075259E-05,1.92301468174422E-05,1.69191456925445E-05
Q8L7B4, 2.2577602, 1.1748923, 0.0267627, 0.5950887,TRUE,2.66593010826247E-05,3.0879443363546E-05,2.03452008373322E-05,4.41649888771436E-05,7.08910710882472E-06,1.50946198274676E-05,2.08063883598555E-05,1.10674110921156E-05
Q9C598, 0.366617,-1.4476543, 0.0161116, 0.5717907,TRUE,2.05657465494533E-05,2.46186627503185E-05,2.76567573882484E-05,2.86112319247582E-05,7.05613451762088E-05,5.13779606549827E-05,4.90736533538007E-05,0.000105712857672966
Q9FIB4, 2.4526303, 1.2943298, 0.0010825, 0.3945716,TRUE,2.09465937077765E-06,2.65287314119811E-06,2.96700845544428E-06,2.68830367078265E-06,1.48376660417262E-06,7.50043221240624E-07,7.35579386459539E-07,1.27211621748455E-06
F4KFG5, 2.6835609, 1.4241486, 0.0012887, 0.3583413,TRUE,2.24699823410694E-05,1.55988940702449E-05,1.5470829803388E-05,1.45936484985344E-05,5.6053405046521E-06,7.6879430177164E-06,5.98971786117053E-06,6.10615784392584E-06
Q9FT64, 3.5039242, 1.8089716, 0.0035718, 0.4631604,TRUE,5.71270737484815E-07,7.42804479535471E-07,7.41752113861069E-07,4.80054226925474E-07,0,2.81266207965234E-07,3.15248308482659E-07,1.27211621748455E-07
A0A178UED2, 2.2413783, 1.1643862, 0.0032743, 0.4505785,TRUE,5.52228379568654E-06,6.36689553887547E-06,7.735414901694E-06,9.0250194661989E-06,2.47294434028769E-06,3.93772691151328E-06,3.57281416280347E-06,2.79865567846601E-06
O24646, 2.0448043, 1.0319627, 0.0225117, 0.5900729,TRUE,7.83593028250004E-05,5.50736464112728E-05,4.45051268316641E-05,4.47410539494541E-05,1.54971178658029E-05,3.71271394514109E-05,3.2995989621185E-05,2.32797267799673E-05
A0MFF5, 0.4584727,-1.1250924, 0.0065853, 0.5133505,TRUE,2.47550652910086E-06,4.24459702591698E-06,2.7550792800554E-06,3.6484121246336E-06,5.6053405046521E-06,7.6879430177164E-06,9.35236648498556E-06,5.97894622217739E-06
F4K6S3, ∞, ∞, 0.0244628, 0.596843,TRUE,9.52117895808025E-08,0,1.05964587694438E-07,9.60108453850947E-08,0,0,0,0
Q9LY82, 0.4177882,-1.2591565, 0.0118521, 0.5492688,TRUE,6.66482527065617E-07,1.69783881036679E-06,2.01332716619433E-06,1.92021690770189E-06,4.45129981251785E-06,2.53139587168711E-06,3.25756585432081E-06,4.83404162644129E-06
Q9LER3, 0.4534206,-1.1410783, 0.0160689, 0.5717831,TRUE,6.37918990191377E-06,1.06114925647924E-05,6.46383984936074E-06,9.88911707466475E-06,1.48376660417262E-05,1.85635697257054E-05,2.6270692373555E-05,1.38660667705816E-05
A0A178UDF8, 2.1000758, 1.0704414, 0.0273915, 0.5967715,TRUE,1.52338863329284E-06,2.01618358731056E-06,3.17893763083315E-06,1.7281952169317E-06,9.89177736115077E-07,1.21882023451601E-06,1.0508276949422E-06,7.6326973049073E-07
Q9S7T9, 3.3049233, 1.7246168, 0.0134556, 0.5490517,TRUE,9.65447546349337E-05,8.29818718566769E-05,0.00010840177321141,3.61000778647956E-05,2.91807432153948E-05,3.30956571372425E-05,1.68132431190752E-05,1.89545316405198E-05
P18612, 0.3756893,-1.412388, 0.019103, 0.582857,TRUE,2.84683250846599E-05,2.54675821555019E-05,2.78686865636373E-05,2.54428740270501E-05,5.5064227310406E-05,0.000100224525438278,4.08771973332515E-05,8.93025584674154E-05
F4KFM6, 3.0352206, 1.6018014, 0.0134297, 0.5496594,TRUE,3.8084715832321E-07,3.18344776943773E-07,3.17893763083315E-07,5.76065072310568E-07,0,1.87510805310156E-07,2.1016553898844E-07,1.27211621748455E-07
Q8L616, 0.3209559,-1.639553, 0.0150256, 0.5676046,TRUE,5.71270737484815E-07,2.22841343860641E-06,3.70876056930534E-06,2.68830367078265E-06,1.03863662292083E-05,7.87545382302655E-06,4.41347631875723E-06,5.97894622217739E-06
Q9FKP1, 0.0568621,-4.1363877, 0.0316714, 0.6003107,TRUE,2.85635368742407E-07,2.12229851295849E-07,2.11929175388877E-07,5.76065072310568E-07,1.05512291852275E-05,2.06261885841172E-06,3.25756585432081E-06,6.74221595266812E-06
Q3E9F6, 4.7516162, 2.2484183, 0.0292929, 0.5967427,TRUE,9.52117895808025E-08,1.06114925647924E-07,1.05964587694438E-07,1.92021690770189E-07,0,0,1.0508276949422E-07,0
F4K2L4, ∞, ∞, 0.0244628, 0.596843,TRUE,9.52117895808025E-08,0,1.05964587694438E-07,9.60108453850947E-08,0,0,0,0
Q39034, 2.8744292, 1.5232755, 0.02628, 0.5931584,TRUE,1.81854518099333E-05,1.63416985497804E-05,6.8876982001385E-06,1.50737027254599E-05,1.97835547223015E-06,8.62549704426718E-06,7.77612494257227E-06,1.27211621748455E-06
A0A178UP49, 2.2104281, 1.1443258, 0.0080365, 0.5160944,TRUE,7.46460430313491E-05,7.75700106486328E-05,6.44264693182185E-05,7.37363292557527E-05,1.59917067338604E-05,3.32831679425527E-05,6.0212426920188E-05,2.18803989407343E-05
AT5G03235, 7.4645368, 2.9000527, 0.0249434, 0.5917097,TRUE,2.85635368742407E-07,2.12229851295849E-07,1.05964587694438E-07,9.60108453850947E-08,0,9.3755402655078E-08,0,0
Q9FMQ8, 2.7268999, 1.4472618, 0.0285948, 0.5937329,TRUE,1.23775326455043E-06,1.80395373601472E-06,8.47716701555507E-07,8.64097608465852E-07,3.29725912038359E-07,8.43798623895702E-07,3.15248308482659E-07,2.5442324349691E-07
F4K9X6, 0.3177276,-1.6541378, 0.0236004, 0.5971376,TRUE,4.76058947904012E-07,6.36689553887547E-07,3.17893763083315E-07,0,1.15404069213426E-06,1.03130942920586E-06,1.68132431190752E-06,6.36058108742275E-07
Q8GWF1, 0.1665201,-2.5862318, 0.0428939, 0.6170323,TRUE,9.52117895808025E-08,6.36689553887547E-07,2.11929175388877E-07,5.76065072310568E-07,9.89177736115077E-07,3.0001728849625E-06,3.99314524078035E-06,1.1449045957361E-06
Q9FN52, 2.0751585, 1.0532215, 0.0454989, 0.6197963,TRUE,0.000259452126607687,0.000208409713972524,0.000153224793806158,0.000167826957733146,4.00616983126606E-05,0.000188167093128742,9.27880854633961E-05,5.91534041130316E-05
Q9FLV4, 0.4924529,-1.0219423, 0.0388305, 0.610691,TRUE,2.38029473952006E-06,2.12229851295849E-06,4.02665433238866E-06,3.6484121246336E-06,3.79184798844113E-06,4.87528093806406E-06,8.30153879004337E-06,7.75990892665576E-06
O49195, 0.2143264,-2.2221185, 0.0197195, 0.5857633,TRUE,2.57071831868167E-06,3.18344776943773E-06,9.53681289249946E-07,1.53617352616152E-06,8.57287371299733E-06,1.62196846593285E-05,5.14905570521677E-06,8.52317865714649E-06
P58050, 2.2665885, 1.1805225, 0.0001917, 0.2462007,TRUE,2.4088582763943E-05,2.73776508171645E-05,2.42658905820264E-05,2.34266462739631E-05,8.40801075697815E-06,1.21882023451601E-05,1.45014221902023E-05,8.65039027889494E-06
Q8GWS3, 0.3466933,-1.5282683, 0.0396235, 0.6124497,TRUE,2.85635368742407E-07,1.06114925647924E-07,1.05964587694438E-07,0,1.64862956019179E-07,4.6877701327539E-07,4.20331077976879E-07,3.81634865245365E-07
AT5G04665, 3.8379475, 1.940335, 0.0303765, 0.5954326,TRUE,9.52117895808025E-08,1.06114925647924E-07,1.05964587694438E-07,9.60108453850947E-08,0,0,1.0508276949422E-07,0
Q949R3, 12.398469, 3.6320901, 0.0385589, 0.6114118,TRUE,2.85635368742407E-07,3.18344776943773E-07,1.27157505233326E-06,8.64097608465852E-07,0,9.3755402655078E-08,0,1.27211621748455E-07
Q9LTG5, 2.6797649, 1.4221064, 0.0114359, 0.5411405,TRUE,7.99779032478741E-06,5.94243583628377E-06,5.5101585601108E-06,8.06491101234795E-06,1.15404069213426E-06,2.25012966372187E-06,5.46430401369943E-06,1.39932783923301E-06
Q9FG46,0,-∞, 0.034004, 0.6057827,TRUE,0,0,0,0,1.64862956019179E-07,9.3755402655078E-08,0,1.27211621748455E-07
Q6NKX1, 0.4131595,-1.2752292, 0.0011324, 0.3724757,TRUE,3.9988951623937E-06,4.3507119515649E-06,2.54315010466652E-06,4.51250973309945E-06,6.92424415280554E-06,1.03130942920586E-05,1.0508276949422E-05,9.54087163113413E-06
AT5G05785, 2.336243, 1.2241904, 0.0453914, 0.6211555,TRUE,2.85635368742407E-07,2.12229851295849E-07,3.17893763083315E-07,3.84043381540379E-07,0,2.81266207965234E-07,1.0508276949422E-07,1.27211621748455E-07
Q9FMB0, 0.0535745,-4.2223099, 0.0306954, 0.598206,TRUE,9.52117895808025E-08,0,0,0,4.94588868057538E-07,1.87510805310156E-07,8.40662155953759E-07,2.5442324349691E-07
Q9FID8, 2.4783269, 1.3093665, 0.01241, 0.5514368,TRUE,5.90313095400975E-06,7.10970001841094E-06,4.76840644624973E-06,3.5524012792485E-06,1.15404069213426E-06,2.43764046903203E-06,3.36264862381503E-06,1.65375108272992E-06
P92999,0,-∞, 0.0307158, 0.5977384,TRUE,0,0,0,0,1.64862956019179E-07,0,1.0508276949422E-07,1.27211621748455E-07
Q9FLM1, 0.4403515,-1.1832724, 0.0221389, 0.5906322,TRUE,4.98909777403405E-05,4.31887747387053E-05,5.0757037505636E-05,5.18458565079511E-05,7.20451117803814E-05,8.15672003099179E-05,0.00013671268311198,0.000154053273937379
Q9FJ32, 5.3779802, 2.4270644, 0.0479026, 0.6202726,TRUE,1.90423579161605E-07,1.06114925647924E-07,4.23858350777754E-07,2.88032536155284E-07,0,1.87510805310156E-07,0,0
Q9FHX3, 2.3585533, 1.2379022, 0.0057868, 0.5084066,TRUE,5.71270737484815E-07,5.30574628239622E-07,4.23858350777754E-07,4.80054226925474E-07,1.64862956019179E-07,9.3755402655078E-08,2.1016553898844E-07,3.81634865245365E-07
Q9FIG8, ∞, ∞, 0.0244756, 0.590743,TRUE,9.52117895808025E-08,1.06114925647924E-07,0,9.60108453850947E-08,0,0,0,0
AT5G06395, 2.1234214, 1.0863907, 0.0161778, 0.5718839,TRUE,2.95156547700488E-06,1.80395373601472E-06,2.96700845544428E-06,2.40027113462737E-06,3.29725912038359E-07,1.31257563717109E-06,1.47115877291908E-06,1.65375108272992E-06
Q8L8T7, 0.3662075,-1.4492667, 0.0092146, 0.5232368,TRUE,0,2.12229851295849E-07,3.17893763083315E-07,4.80054226925474E-07,8.24314780095897E-07,5.62532415930468E-07,7.35579386459539E-07,6.36058108742275E-07
F4K627, 0.4007523,-1.3192173, 0.0151606, 0.5687246,TRUE,1.91375697057413E-05,2.55736970811498E-05,2.0557130012721E-05,3.19716115132365E-05,7.41883302086308E-05,3.57208084115847E-05,5.17007225911562E-05,8.10338030537659E-05
AT5G06705,0,-∞, 0.0371507, 0.6108075,TRUE,0,0,0,0,1.64862956019179E-07,9.3755402655078E-08,1.0508276949422E-07,0
Q9FNK9, 2.61628, 1.387517, 0.0013277, 0.3545651,TRUE,4.76058947904012E-07,5.30574628239622E-07,3.17893763083315E-07,4.80054226925474E-07,1.64862956019179E-07,1.87510805310156E-07,2.1016553898844E-07,1.27211621748455E-07
Q9FL35, 2.0414253, 1.0295768, 0.0012441, 0.3728429,TRUE,5.23664842694414E-06,4.56294180286075E-06,4.34454809547197E-06,5.18458565079511E-06,1.31890364815344E-06,3.0001728849625E-06,2.73215200684972E-06,2.41702081322065E-06
O80338, 0.3551832,-1.4933648, 0.0443812, 0.6183114,TRUE,4.76058947904012E-07,1.80395373601472E-06,1.27157505233326E-06,1.7281952169317E-06,3.79184798844113E-06,3.75021610620312E-06,1.47115877291908E-06,5.85173460042893E-06
Q9FI39, 0.3988554,-1.3260621, 0.0415388, 0.6139089,TRUE,8.93086586267927E-05,8.80753882877773E-05,2.52195718712763E-05,6.32711471087774E-05,8.95205851184145E-05,0.000240670118615585,0.000212372277147818,0.000124031331204744
Q9FI37, 0.2030276,-2.3002521, 0.0492101, 0.6211018,TRUE,2.30412530785542E-05,1.94190313935702E-05,7.20559196322181E-06,1.61298220246959E-05,3.62698503242195E-05,0.00014972737804016,9.27880854633961E-05,4.528733734245E-05
Q9LTA3, 0.4381752,-1.1904201, 0.0499955, 0.6225661,TRUE,2.28508294993926E-06,2.86510299249396E-06,2.11929175388877E-06,3.84043381540379E-06,6.26479232872882E-06,2.71890667699726E-06,6.83038001712429E-06,9.54087163113413E-06
F4KG50, 0.1940189,-2.3657308, 0.0229017, 0.592808,TRUE,9.52117895808025E-08,1.06114925647924E-07,0,9.60108453850947E-08,6.59451824076718E-07,2.81266207965234E-07,2.1016553898844E-07,3.81634865245365E-07
A0A1P8BCM6, 0.2592429,-1.9476236, 0.0064401, 0.5123977,TRUE,9.52117895808025E-08,1.06114925647924E-07,1.05964587694438E-07,9.60108453850947E-08,4.94588868057538E-07,2.81266207965234E-07,5.25413847471099E-07,2.5442324349691E-07
Q9SPG6, 2.048671, 1.0346883, 0.0136254, 0.5493329,TRUE,7.16944775543443E-05,8.02228837898309E-05,6.43205047305241E-05,7.12400472757403E-05,1.51673919537645E-05,3.25331247213121E-05,6.33649100050146E-05,2.92586730021447E-05
Q6NLH4, 3.2052833, 1.6804519, 0.0179281, 0.5736146,TRUE,8.85469643101463E-06,4.24459702591698E-06,5.72208773549967E-06,3.6484121246336E-06,1.15404069213426E-06,2.25012966372187E-06,2.20673815937862E-06,1.39932783923301E-06
AT5G08285, 9.8396743, 3.2986106, 0.0296863, 0.5970908,TRUE,1.90423579161605E-07,2.12229851295849E-07,4.23858350777754E-07,9.60108453850947E-08,0,9.3755402655078E-08,0,0
Q9FKU6, ∞, ∞, 0.0244756, 0.590743,TRUE,9.52117895808025E-08,1.06114925647924E-07,0,9.60108453850947E-08,0,0,0,0
Q9FKT9, 0.4550402,-1.1359342, 0.0154337, 0.5686868,TRUE,3.39906088803465E-05,4.3613234441297E-05,4.01605787361921E-05,3.50439585655596E-05,5.93506641669046E-05,0.000121882023451601,8.20696429749857E-05,7.25106243966194E-05
Q9LTS3, 2.4540458, 1.2951622, 0.0105787, 0.5283841,TRUE,3.04677726658568E-06,2.65287314119811E-06,4.34454809547197E-06,4.51250973309945E-06,1.15404069213426E-06,2.25012966372187E-06,1.89148985089596E-06,6.36058108742275E-07
AT5G08765, ∞, ∞, 0.0244628, 0.596843,TRUE,9.52117895808025E-08,0,1.05964587694438E-07,9.60108453850947E-08,0,0,0,0
Q9FHB2, 2.6487218, 1.4052963, 0.044972, 0.6210881,TRUE,1.04732968538883E-06,8.48919405183396E-07,1.27157505233326E-06,5.76065072310568E-07,0,8.43798623895702E-07,3.15248308482659E-07,2.5442324349691E-07
Q9FIF1, 2.2915275, 1.1963096, 0.0051812, 0.5045005,TRUE,3.23720084574728E-06,4.13848210026905E-06,2.54315010466652E-06,4.03245550617398E-06,1.31890364815344E-06,1.31257563717109E-06,2.31182092887284E-06,1.1449045957361E-06
P19037, 0.2167383,-2.2059742, 0.0050674, 0.5006507,TRUE,1.27583798038275E-05,1.25215612264551E-05,1.61066173295546E-05,4.72373359294666E-05,9.11692146786063E-05,0.000106693648221479,6.58868964728758E-05,0.000145148460414987
Q9FJD8, 2.4893096, 1.3157457, 0.0488532, 0.6218356,TRUE,1.33296505413123E-06,9.5503433083132E-07,8.47716701555507E-07,1.05611929923604E-06,0,1.03130942920586E-06,5.25413847471099E-07,1.27211621748455E-07
AT5G60022, 2.4000261, 1.2630501, 0.0018967, 0.3875546,TRUE,9.52117895808025E-07,7.42804479535471E-07,7.41752113861069E-07,8.64097608465852E-07,1.64862956019179E-07,2.81266207965234E-07,4.20331077976879E-07,5.0884648699382E-07
Q9LSS8, 0.1524338,-2.7137456, 0.0080539, 0.5159825,TRUE,0,0,2.11929175388877E-07,0,3.29725912038359E-07,4.6877701327539E-07,2.1016553898844E-07,3.81634865245365E-07
Q9FKF5, 0.4301839,-1.2169746, 0.0036195, 0.4648759,TRUE,1.71381221245444E-06,2.75898806684604E-06,2.11929175388877E-06,3.26436874309322E-06,7.08910710882472E-06,6.00034576992499E-06,4.09822801027457E-06,5.72452297868048E-06
Q8W1E3, 2.453142, 1.2946308, 0.0205435, 0.5919858,TRUE,9.23554358933784E-06,6.89747016711509E-06,1.22918921725549E-05,4.99256396002492E-06,3.79184798844113E-06,3.09392828761757E-06,3.04740031533237E-06,3.6891370307052E-06
A0A178UGA9, 10.6497932, 3.4127535, 0.0146774, 0.559151,TRUE,1.90423579161605E-07,1.06114925647924E-07,3.17893763083315E-07,3.84043381540379E-07,0,9.3755402655078E-08,0,0
Q9FFQ7, 0.4945549,-1.0157973, 0.006015, 0.5085766,TRUE,6.03642745942288E-05,5.58164508908083E-05,4.85317811640528E-05,7.27762208019018E-05,0.000103698799336064,0.000145883406531301,9.00559334565464E-05,0.000140568842032043
B2GVM7, 0.3280274,-1.6081116, 0.0428853, 0.6172373,TRUE,9.52117895808025E-08,0,2.11929175388877E-07,1.92021690770189E-07,4.94588868057538E-07,5.62532415930468E-07,2.1016553898844E-07,2.5442324349691E-07
A0A178UQN6,0,-∞, 0.001042, 0.4073306,TRUE,0,0,0,0,1.64862956019179E-07,2.81266207965234E-07,2.1016553898844E-07,1.27211621748455E-07
Q9FGF8, 0.2140554,-2.2239437, 0.0395593, 0.6125113,TRUE,9.52117895808025E-07,8.48919405183396E-07,8.47716701555507E-07,9.60108453850947E-07,5.44047754863292E-06,2.71890667699726E-06,1.5762415424133E-06,7.12385081791348E-06
Q93WU9, 0.1973251,-2.3413537, 0.0248547, 0.5927324,TRUE,6.66482527065617E-07,4.24459702591698E-07,5.29822938472192E-07,2.88032536155284E-07,9.89177736115077E-07,3.56270530089296E-06,3.46773139330925E-06,1.65375108272992E-06
Q9LV88, 2.5984972, 1.3776775, 0.0229549, 0.5924778,TRUE,3.33241263532809E-06,2.97121791814189E-06,1.80139799080545E-06,1.8242060623168E-06,3.29725912038359E-07,1.40633103982617E-06,1.5762415424133E-06,5.0884648699382E-07
A0A1P8BAY9, 2.2434157, 1.165697, 0.0118266, 0.5490302,TRUE,6.66482527065617E-07,6.36689553887547E-07,4.23858350777754E-07,5.76065072310568E-07,1.64862956019179E-07,3.75021610620312E-07,1.0508276949422E-07,3.81634865245365E-07
Q9FKQ6, 2.0180052, 1.0129299, 0.0390432, 0.6097704,TRUE,5.04622484778253E-06,4.45682687721283E-06,3.70876056930534E-06,3.07234705232303E-06,9.89177736115077E-07,3.56270530089296E-06,2.6270692373555E-06,8.90481352239185E-07
Q9LVR3, 2.9573423, 1.5643012, 0.0192373, 0.5843123,TRUE,7.6169431664642E-07,6.36689553887547E-07,1.27157505233326E-06,1.05611929923604E-06,0,3.75021610620312E-07,6.30496616965319E-07,2.5442324349691E-07
Q9FL02, 0.2369592,-2.0772892, 0.0002178, 0.2447378,TRUE,1.90423579161605E-07,2.12229851295849E-07,2.11929175388877E-07,0,6.59451824076718E-07,5.62532415930468E-07,7.35579386459539E-07,6.36058108742275E-07
B3H5A9, 2.9405031, 1.556063, 0.0222422, 0.5904683,TRUE,4.76058947904012E-07,4.24459702591698E-07,4.23858350777754E-07,6.72075917695663E-07,1.64862956019179E-07,9.3755402655078E-08,4.20331077976879E-07,0
Q96305, 2.246134, 1.167444, 0.0457501, 0.6191531,TRUE,2.38029473952006E-06,1.69783881036679E-06,3.49683139391647E-06,3.36037958847831E-06,1.31890364815344E-06,2.34388506637695E-06,3.15248308482659E-07,8.90481352239185E-07
Q9S702, 2.8625868, 1.5173194, 0.0076425, 0.5205425,TRUE,0.000161098347970718,0.000119060946576971,0.000118044550691604,0.000116077112070579,2.06078695023974E-05,9.89119498011073E-05,3.52027277805636E-05,2.49334778626972E-05
Q9M880, 3.1184159, 1.6408133, 0.0275183, 0.595207,TRUE,6.72195234440466E-05,5.80448643294147E-05,2.19346696527487E-05,4.17647177425162E-05,6.75938119678636E-06,1.9219857544291E-05,2.71113545295087E-05,7.50548568315885E-06
Q9M8S6, 2.1917937, 1.132112, 0.0168478, 0.5659006,TRUE,6.57913466003345E-05,4.60538777311992E-05,9.78053144419666E-05,7.65206437719205E-05,1.82997881181289E-05,3.83459596859269E-05,3.98263696383093E-05,3.4092714628586E-05
AT3G01375, 9.6172138, 3.265619, 0.009096, 0.5242246,TRUE,2.85635368742407E-07,1.06114925647924E-07,3.17893763083315E-07,1.92021690770189E-07,0,9.3755402655078E-08,0,0
Q84TD6, 0.38018,-1.3952454, 0.0000748, 0.1551977,TRUE,5.42707200610574E-06,7.64027464665056E-06,6.25191067397187E-06,8.73698693004362E-06,1.6486295601918E-05,2.10012101947375E-05,1.78640708140174E-05,1.8445685153526E-05
AT3G01485,0,-∞, 0.034004, 0.6057827,TRUE,0,0,0,0,1.64862956019179E-07,9.3755402655078E-08,0,1.27211621748455E-07
AT3G01635, ∞, ∞, 0.0463686, 0.6200571,TRUE,9.52117895808025E-08,0,1.05964587694438E-07,1.92021690770189E-07,0,0,0,0
AT3G02075, ∞, ∞, 0.0244756, 0.590743,TRUE,9.52117895808025E-08,1.06114925647924E-07,0,9.60108453850947E-08,0,0,0,0
Q9C9Z0, 2.2637594, 1.1787206, 0.0049659, 0.4979212,TRUE,2.57071831868167E-06,2.54675821555019E-06,1.69543340311101E-06,1.8242060623168E-06,4.94588868057538E-07,1.12506483186094E-06,1.0508276949422E-06,1.1449045957361E-06
Q9SR86, 0.3569045,-1.4863899, 0.0013688, 0.3584472,TRUE,6.66482527065617E-07,6.36689553887547E-07,7.41752113861069E-07,1.24814099000623E-06,1.97835547223015E-06,2.81266207965234E-06,1.89148985089596E-06,2.5442324349691E-06
A0A1I9LNS3, 2.7857239, 1.4780523, 0.0124111, 0.5505795,TRUE,1.23775326455043E-06,5.30574628239622E-07,1.3775396400277E-06,1.34415183539133E-06,3.29725912038359E-07,3.75021610620312E-07,5.25413847471099E-07,3.81634865245365E-07
Q1PER6, 0.4080651,-1.2931288, 0.0303571, 0.597223,TRUE,5.61749558526735E-06,4.3507119515649E-06,3.28490221852759E-06,1.10412472192859E-05,1.84646510741481E-05,1.96886345575664E-05,8.40662155953759E-06,1.29755854183424E-05
A0A1I9LNH5, 2.9510901, 1.561248, 0.025438, 0.5919876,TRUE,6.66482527065617E-07,5.30574628239622E-07,1.27157505233326E-06,6.72075917695663E-07,3.29725912038359E-07,3.75021610620312E-07,1.0508276949422E-07,2.5442324349691E-07
O82133, 0.4695117,-1.090767, 0.0100291, 0.5314431,TRUE,4.76058947904012E-07,7.42804479535471E-07,5.29822938472192E-07,8.64097608465852E-07,1.81349251621097E-06,1.40633103982617E-06,9.45744925447978E-07,1.39932783923301E-06
Q3EB86, 0.4952135,-1.0138775, 0.0463731, 0.6198095,TRUE,1.42817684371204E-06,2.54675821555019E-06,1.27157505233326E-06,1.8242060623168E-06,4.78102572455621E-06,1.6875972477914E-06,3.99314524078035E-06,3.81634865245365E-06
A0A1I9LQ90, 2.1710516, 1.118394, 0.0088286, 0.5154213,TRUE,1.33296505413123E-06,1.69783881036679E-06,2.11929175388877E-06,1.34415183539133E-06,4.94588868057538E-07,1.12506483186094E-06,7.35579386459539E-07,6.36058108742275E-07
Q9LHL6, 4.1423512, 2.0504499, 0.0035162, 0.4695003,TRUE,1.42817684371204E-06,1.16726418212717E-06,2.22525634158321E-06,1.8242060623168E-06,4.94588868057538E-07,7.50043221240624E-07,1.0508276949422E-07,2.5442324349691E-07
Q9LIB9, 0.1122363,-3.1553889, 0.0458459, 0.6198278,TRUE,1.14254147496963E-06,1.91006866166264E-06,3.17893763083315E-07,7.68086763080758E-07,7.08910710882472E-06,1.88448359336707E-05,4.83380739673411E-06,6.10615784392584E-06
Q9LRR2, 16.0715324, 4.0064356, 0.0187969, 0.5834185,TRUE,3.8084715832321E-07,1.06114925647924E-07,6.3578752616663E-07,3.84043381540379E-07,0,9.3755402655078E-08,0,0
Q9LDJ3, 2.0789901, 1.0558829, 0.0322788, 0.6037604,TRUE,2.66593010826247E-06,2.75898806684604E-06,1.80139799080545E-06,3.84043381540379E-06,4.94588868057538E-07,1.87510805310156E-06,1.68132431190752E-06,1.27211621748455E-06
O04311, 0.427891,-1.2246846, 0.0004907, 0.3393895,TRUE,0.000136533706258871,0.000163310870572156,0.000140826937045909,0.00017205143493009,0.000292466883978024,0.000429493499562912,0.000371362507392573,0.000338637337094387
Q9LUS9, ∞, ∞, 0.0138599, 0.5521834,TRUE,2.85635368742407E-07,2.12229851295849E-07,1.05964587694438E-07,4.80054226925474E-07,0,0,0,0
Q9LSM9, 2.5031058, 1.3237193, 0.0207017, 0.5908636,TRUE,4.76058947904012E-07,2.12229851295849E-07,5.29822938472192E-07,4.80054226925474E-07,1.64862956019179E-07,2.81266207965234E-07,1.0508276949422E-07,1.27211621748455E-07
AT3G03555,0,-∞, 0.0319774, 0.6018798,TRUE,0,0,0,0,1.64862956019179E-07,0,2.1016553898844E-07,1.27211621748455E-07
AT3G03595, ∞, ∞, 0.0244628, 0.596843,TRUE,9.52117895808025E-08,0,1.05964587694438E-07,9.60108453850947E-08,0,0,0,0
A0A384KEP4, 0.3932316,-1.3465488, 0.0486247, 0.6212727,TRUE,5.71270737484815E-07,4.24459702591698E-07,5.29822938472192E-07,4.80054226925474E-07,2.14321842824933E-06,6.56287818585546E-07,1.15591046443642E-06,1.1449045957361E-06
Q1G3M3, 3.2706679, 1.7095853, 0.0303135, 0.5967998,TRUE,1.61860042287364E-06,5.30574628239622E-07,1.3775396400277E-06,2.01622775308699E-06,1.64862956019179E-07,7.50043221240624E-07,5.25413847471099E-07,2.5442324349691E-07
A0A1I9LP79,0,-∞, 0.0271035, 0.5955494,TRUE,0,0,0,0,0,9.3755402655078E-08,1.0508276949422E-07,1.27211621748455E-07
A8MR54, 0.1627846,-2.6189641, 0.0043382, 0.5000384,TRUE,9.52117895808025E-08,1.06114925647924E-07,0,0,1.64862956019179E-07,3.75021610620312E-07,3.15248308482659E-07,3.81634865245365E-07
Q9LE06, 2.4843281, 1.3128557, 0.0166949, 0.5649856,TRUE,0.000249074041543379,0.000217429482652597,0.00014252237044902,0.000150160962182288,4.73156683775045E-05,0.000143914543075545,6.28394961575434E-05,5.15207068081243E-05
Q9LVF0, 2.5126265, 1.3291962, 0.0388043, 0.6109923,TRUE,0.000105399451065948,0.000107494419681347,4.46110914193586E-05,5.07897372087151E-05,3.09942357316057E-05,4.3314996026646E-05,2.57452785260839E-05,2.2643668671225E-05
P28297, 0.4710193,-1.0861419, 0.0436558, 0.6168073,TRUE,1.4948250964186E-05,9.01976868007358E-06,6.78173361244406E-06,9.40906284773928E-06,3.23131393797592E-05,1.93136129469461E-05,2.09114711293497E-05,1.27211621748455E-05
Q9LRM4, 3.0747586, 1.6204731, 0.0258759, 0.5929694,TRUE,7.42651958730259E-06,9.76257315960905E-06,4.87437103394417E-06,3.5524012792485E-06,1.48376660417262E-06,1.87510805310156E-06,3.57281416280347E-06,1.39932783923301E-06
P93735, 2.1839488, 1.126939, 0.037838, 0.608567,TRUE,4.65585651050124E-05,4.0748131448803E-05,2.78686865636373E-05,2.15064293662612E-05,2.65429359190879E-05,1.63134400619836E-05,1.08235252579046E-05,8.90481352239185E-06
F4J1N5, 2.6986125, 1.4322178, 0.0262795, 0.5936437,TRUE,4.76058947904012E-07,2.12229851295849E-07,3.17893763083315E-07,2.88032536155284E-07,1.64862956019179E-07,1.87510805310156E-07,0,1.27211621748455E-07
AT3G24332, ∞, ∞, 0.0244032, 0.5991844,TRUE,0,1.06114925647924E-07,1.05964587694438E-07,9.60108453850947E-08,0,0,0,0
AT3G04705,0,-∞, 0.0371507, 0.6108075,TRUE,0,0,0,0,1.64862956019179E-07,9.3755402655078E-08,1.0508276949422E-07,0
Q9LS06, 0.4105291,-1.2844436, 0.0121738, 0.5481679,TRUE,7.42651958730259E-06,8.06473434924226E-06,7.94734407708288E-06,1.66098762516214E-05,1.89592399422056E-05,3.43144773717585E-05,2.29080437497399E-05,2.13715524537404E-05
Q84JG6, 2.1282278, 1.0896526, 0.0387334, 0.6116615,TRUE,4.18931874155531E-06,3.60790747202943E-06,6.67576902474962E-06,3.93644466078888E-06,1.81349251621097E-06,3.65646070354804E-06,2.41690369836706E-06,7.6326973049073E-07
F4JBE2, 3.6603575, 1.8719846, 0.0198921, 0.5883013,TRUE,1.42817684371204E-06,8.48919405183396E-07,2.22525634158321E-06,1.05611929923604E-06,1.64862956019179E-07,4.6877701327539E-07,6.30496616965319E-07,2.5442324349691E-07
Q9LTM4, 0.228064,-2.1324894, 0.0012757, 0.3584248,TRUE,9.52117895808025E-08,3.18344776943773E-07,2.11929175388877E-07,2.88032536155284E-07,1.15404069213426E-06,8.43798623895702E-07,7.35579386459539E-07,1.27211621748455E-06
Q9LIM9, 0.304113,-1.7173205, 0.0096795, 0.532806,TRUE,5.52228379568654E-06,6.57912539017132E-06,6.56980443705518E-06,6.33671579541625E-06,1.15404069213426E-05,3.0001728849625E-05,1.88098157394653E-05,2.18803989407343E-05
AT3G05145, ∞, ∞, 0.0423111, 0.6157088,TRUE,0,1.06114925647924E-07,1.05964587694438E-07,1.92021690770189E-07,0,0,0,0
Q9LTZ0, 0.2229535,-2.1651856, 0.0279576, 0.5918941,TRUE,7.6169431664642E-07,3.18344776943773E-07,9.53681289249946E-07,5.76065072310568E-07,2.80267025232605E-06,4.50025932744374E-06,8.40662155953759E-07,3.56192540895674E-06
O22048, 4.4615433, 2.1575428, 0.0442483, 0.6183758,TRUE,3.8084715832321E-07,5.30574628239622E-07,1.05964587694438E-07,2.88032536155284E-07,0,1.87510805310156E-07,1.0508276949422E-07,0
Q5D892, 2.1116142, 1.0783463, 0.0397511, 0.6126672,TRUE,2.85635368742407E-06,2.12229851295849E-06,3.28490221852759E-06,2.49628198001246E-06,3.29725912038359E-07,2.53139587168711E-06,1.47115877291908E-06,7.6326973049073E-07
A0A384L5A7, ∞, ∞, 0.0244628, 0.596843,TRUE,9.52117895808025E-08,0,1.05964587694438E-07,9.60108453850947E-08,0,0,0,0
Q9LHA1, 0.1923152,-2.3784551, 0.0007078, 0.3977083,TRUE,1.61860042287364E-05,2.22841343860641E-05,3.07297304313871E-05,4.38769563409883E-05,0.000131066050035248,0.000106693648221479,0.000163088458255029,0.000187128295591977
AT3G05635, 3.2984556, 1.7217907, 0.0375885, 0.6089105,TRUE,2.85635368742407E-07,1.06114925647924E-07,4.23858350777754E-07,3.84043381540379E-07,1.64862956019179E-07,9.3755402655078E-08,1.0508276949422E-07,0
AT3G05955, 14.2877172, 3.8367035, 0.0000069, 0.0621525,TRUE,1.99944758119685E-06,2.12229851295849E-06,1.90736257849989E-06,1.63218437154661E-06,0,9.3755402655078E-08,3.15248308482659E-07,1.27211621748455E-07
Q3E7K4, 0.0168573,-5.8904835, 0.0075044, 0.5216715,TRUE,4.76058947904012E-07,8.48919405183396E-07,5.29822938472192E-07,9.60108453850947E-07,1.81349251621097E-05,5.60657307877366E-05,6.19988340015897E-05,3.07852124631261E-05
Q9LHR4, 2.1773837, 1.1225956, 0.0385286, 0.61129,TRUE,2.80874779263367E-05,3.38506612816879E-05,2.12988821265821E-05,3.49479477201745E-05,3.79184798844113E-06,1.48133536195023E-05,2.75316856074856E-05,8.14154379190112E-06
Q9LHR3, 2.2020384, 1.1388397, 0.0397513, 0.6123202,TRUE,3.9036833728129E-06,4.45682687721283E-06,3.28490221852759E-06,2.88032536155284E-06,1.64862956019179E-07,2.15637426106679E-06,3.25756585432081E-06,1.01769297398764E-06
A0MDR2, 20.0423167, 4.3249774, 0.0010991, 0.3900693,TRUE,1.90423579161605E-06,1.06114925647924E-06,2.22525634158321E-06,1.34415183539133E-06,0,9.3755402655078E-08,1.0508276949422E-07,1.27211621748455E-07
AT3G06605, ∞, ∞, 0.0244713, 0.5930272,TRUE,9.52117895808025E-08,1.06114925647924E-07,1.05964587694438E-07,0,0,0,0,0
P32962, 0.2375965,-2.0734142, 0.001606, 0.3734202,TRUE,5.42707200610574E-06,7.00358509276301E-06,1.32455734618048E-05,1.36335400446834E-05,4.45129981251785E-05,2.57827357301464E-05,5.07549776657082E-05,4.43968559902108E-05
Q5XVB2, 2.4120633, 1.2702677, 0.0025448, 0.426319,TRUE,1.04732968538883E-06,8.48919405183396E-07,6.3578752616663E-07,7.68086763080758E-07,3.29725912038359E-07,4.6877701327539E-07,3.15248308482659E-07,2.5442324349691E-07
F4J379, 4.3182544, 2.1104482, 0.0263509, 0.5937648,TRUE,5.71270737484815E-07,8.48919405183396E-07,3.17893763083315E-07,3.84043381540379E-07,0,2.81266207965234E-07,2.1016553898844E-07,0
Q9LX82, 2.6137397, 1.3861155, 0.0189119, 0.5822972,TRUE,5.59845322735119E-05,3.56546150177026E-05,8.65730681463562E-05,6.14469410464606E-05,9.06746258105487E-06,3.29081463319324E-05,2.42741197531648E-05,2.5442324349691E-05
C0LGP2, 2.8341085, 1.502895, 0.001924, 0.3872623,TRUE,1.26631680142467E-05,1.55988940702449E-05,9.53681289249946E-06,1.35375291992984E-05,2.14321842824933E-06,4.6877701327539E-06,6.83038001712429E-06,4.45240676119593E-06
A0A1I9LS19,0,-∞, 0.0000669, 0.1640298,TRUE,0,0,0,0,1.64862956019179E-07,1.87510805310156E-07,2.1016553898844E-07,1.27211621748455E-07
AT3G07625, ∞, ∞, 0.0417446, 0.6145933,TRUE,1.90423579161605E-07,1.06114925647924E-07,1.05964587694438E-07,0,0,0,0,0
Q8LPK0, 0.4560742,-1.1326594, 0.0287469, 0.5941456,TRUE,5.52228379568654E-06,3.82013732332528E-06,7.735414901694E-06,1.17133231369816E-05,1.05512291852275E-05,2.09074547920824E-05,1.27150151088006E-05,1.89545316405198E-05
Q9STL0, 0.0799111,-3.6454611, 0.0450743, 0.6202777,TRUE,9.52117895808025E-08,0,0,0,4.94588868057538E-07,0,3.15248308482659E-07,3.81634865245365E-07
Q9SMP6, 3.0043632, 1.5870592, 0.0077474, 0.5185205,TRUE,3.7132597936513E-06,2.01618358731056E-06,4.55647727086085E-06,4.03245550617398E-06,1.31890364815344E-06,1.50008644248125E-06,4.20331077976879E-07,1.52653946098146E-06
Q9M2Z8, 0.2470841,-2.0169258, 0.0169109, 0.5645076,TRUE,1.90423579161605E-07,1.06114925647924E-07,2.11929175388877E-07,2.88032536155284E-07,8.24314780095897E-07,3.75021610620312E-07,1.26099323393064E-06,7.6326973049073E-07
Q9SMU8, 0.2097976,-2.2529297, 0.0003242, 0.2820953,TRUE,2.62784539243015E-05,4.74333717646222E-05,1.57887235664713E-05,4.36849346502181E-05,0.000195362602882728,0.00012019442620381,0.00015962072686172,0.000159650585294311
Q9M2Y9, 2.3927061, 1.2586432, 0.0400536, 0.6110441,TRUE,1.36152859100548E-05,1.74028478062596E-05,8.47716701555507E-06,1.07532146831306E-05,1.97835547223015E-06,5.06279174337421E-06,1.10336907968931E-05,2.92586730021447E-06
Q29PT3, 2.4489034, 1.2921358, 0.0120295, 0.5480754,TRUE,3.94176808864522E-05,4.83884060954536E-05,2.4901678108193E-05,3.61960887101807E-05,7.74855893290144E-06,1.77197711018097E-05,2.49046163701301E-05,1.04313529833733E-05
A0MF15, 2.0898939, 1.0634297, 0.0078115, 0.5176685,TRUE,1.23775326455043E-06,1.37949403342302E-06,1.27157505233326E-06,1.44016268077642E-06,4.94588868057538E-07,7.50043221240624E-07,1.0508276949422E-06,2.5442324349691E-07
Q45GK4, ∞, ∞, 0.0244713, 0.5930272,TRUE,9.52117895808025E-08,1.06114925647924E-07,1.05964587694438E-07,0,0,0,0,0
Q9SCU0, 2.3411162, 1.2271965, 0.0301657, 0.5986961,TRUE,2.95156547700488E-06,4.45682687721283E-06,2.01332716619433E-06,4.41649888771436E-06,8.24314780095897E-07,2.53139587168711E-06,1.15591046443642E-06,1.39932783923301E-06
AT3G08245, 6.674392, 2.7386364, 0.0213934, 0.5930341,TRUE,1.90423579161605E-07,3.18344776943773E-07,3.17893763083315E-07,5.76065072310568E-07,0,0,2.1016553898844E-07,0
A0A1I9LSN5, 2.4408887, 1.2874065, 0.0014109, 0.359012,TRUE,4.99861895299213E-05,3.42751209842796E-05,4.80019582255806E-05,3.83083273086528E-05,1.31890364815344E-05,1.88448359336707E-05,2.38537886751879E-05,1.39932783923301E-05
Q9M2S1, 2.857281, 1.5146429, 0.0453987, 0.6206247,TRUE,7.6169431664642E-07,5.30574628239622E-07,1.48350422772214E-06,8.64097608465852E-07,3.29725912038359E-07,5.62532415930468E-07,0,3.81634865245365E-07
Q9LY00, 0.2926442,-1.7727803, 0.0119108, 0.5482206,TRUE,2.95156547700488E-06,8.38307912618603E-06,4.55647727086085E-06,6.43272664080135E-06,1.43430771736686E-05,1.3219511774366E-05,2.90028443804047E-05,1.97178013710105E-05
Q9LES9, 6.6736767, 2.7384818, 0.030369, 0.5965864,TRUE,9.52117895808025E-08,1.06114925647924E-07,2.11929175388877E-07,2.88032536155284E-07,0,0,1.0508276949422E-07,0
Q93YN8, 2.1848273, 1.1275193, 0.0002677, 0.2489482,TRUE,3.64661154094474E-05,3.41690060586317E-05,3.51802431145535E-05,2.91872969970688E-05,1.08809550972658E-05,1.96886345575664E-05,1.54471671156503E-05,1.57742410968084E-05
Q0WSK8, 0.3229152,-1.6307728, 0.0347436, 0.6085091,TRUE,2.85635368742407E-07,5.30574628239622E-07,7.41752113861069E-07,2.88032536155284E-07,1.64862956019179E-06,9.3755402655078E-07,8.40662155953759E-07,2.28980919147219E-06
Q84JS5,0,-∞, 0.034004, 0.6057827,TRUE,0,0,0,0,1.64862956019179E-07,9.3755402655078E-08,0,1.27211621748455E-07
A0A384L6D5, 0.3375888,-1.5666611, 0.0428383, 0.6168897,TRUE,0,1.06114925647924E-07,2.11929175388877E-07,1.92021690770189E-07,4.94588868057538E-07,4.6877701327539E-07,4.20331077976879E-07,1.27211621748455E-07
AT3G09575, 5.0175305, 2.3269775, 0.0120711, 0.5490428,TRUE,2.85635368742407E-07,1.06114925647924E-07,3.17893763083315E-07,2.88032536155284E-07,0,9.3755402655078E-08,1.0508276949422E-07,0
Q1G393, 0.306868,-1.70431, 0.0422597, 0.6157908,TRUE,0,2.12229851295849E-07,0,9.60108453850947E-08,1.64862956019179E-07,3.75021610620312E-07,2.1016553898844E-07,2.5442324349691E-07
Q9LYC3, 0.1861875,-2.425172, 0.0279238, 0.5916434,TRUE,2.85635368742407E-07,1.06114925647924E-07,0,1.92021690770189E-07,6.59451824076718E-07,6.56287818585546E-07,4.20331077976879E-07,1.39932783923301E-06
Q9M1V4, 2.8597367, 1.5158823, 0.0074481, 0.5190951,TRUE,1.14254147496963E-06,1.37949403342302E-06,6.3578752616663E-07,1.24814099000623E-06,1.64862956019179E-07,4.6877701327539E-07,5.25413847471099E-07,3.81634865245365E-07
AT3G09985, 0.1353337,-2.8854067, 0.0373207, 0.6093304,TRUE,0,0,1.05964587694438E-07,0,3.29725912038359E-07,9.3755402655078E-08,1.0508276949422E-07,2.5442324349691E-07
Q3EC92, 2.8663285, 1.519204, 0.0005695, 0.3746287,TRUE,1.71381221245444E-06,1.69783881036679E-06,1.90736257849989E-06,1.53617352616152E-06,1.64862956019179E-07,7.50043221240624E-07,8.40662155953759E-07,6.36058108742275E-07
Q9ZNU5, 0.310686,-1.6864708, 0.0181734, 0.5773528,TRUE,4.76058947904012E-07,1.16726418212717E-06,1.05964587694438E-07,5.76065072310568E-07,1.15404069213426E-06,2.71890667699726E-06,1.5762415424133E-06,2.03538594797528E-06
Q9ZPS4, 2.1924168, 1.1325221, 0.0498999, 0.6222373,TRUE,1.61860042287364E-06,1.59172388471887E-06,5.29822938472192E-07,1.53617352616152E-06,3.29725912038359E-07,9.3755402655078E-07,6.30496616965319E-07,5.0884648699382E-07
AT2G04435, 0.1079261,-3.2118844, 0.0017679, 0.3845384,TRUE,0,0,1.05964587694438E-07,0,3.29725912038359E-07,1.87510805310156E-07,2.1016553898844E-07,2.5442324349691E-07
AT2G04465, ∞, ∞, 0.0014631, 0.3587507,TRUE,9.52117895808025E-08,1.06114925647924E-07,1.05964587694438E-07,1.92021690770189E-07,0,0,0,0
Q9ZPR6, 2.3567512, 1.2367995, 0.0325264, 0.6050366,TRUE,1.14254147496963E-06,8.48919405183396E-07,1.80139799080545E-06,1.7281952169317E-06,1.64862956019179E-07,4.6877701327539E-07,9.45744925447978E-07,7.6326973049073E-07
Q9SIA3, 0.2017124,-2.3096283, 0.0467617, 0.6203918,TRUE,2.85635368742407E-07,1.06114925647924E-07,1.05964587694438E-07,0,3.29725912038359E-07,9.3755402655078E-07,9.45744925447978E-07,2.5442324349691E-07
A0MEI7, 2.0556537, 1.0395972, 0.0268925, 0.5950319,TRUE,2.18987116035846E-06,2.75898806684604E-06,2.54315010466652E-06,2.30426028924227E-06,9.89177736115077E-07,2.34388506637695E-06,1.0508276949422E-06,3.81634865245365E-07
AT2G04785, 4.3076831, 2.1069121, 0.0178482, 0.5751518,TRUE,2.85635368742407E-07,4.24459702591698E-07,2.11929175388877E-07,1.92021690770189E-07,1.64862956019179E-07,9.3755402655078E-08,0,0
Q9SJ39, 2.0064012, 1.0046101, 0.0253707, 0.592979,TRUE,4.85580126862093E-06,4.7751716541566E-06,3.39086680622203E-06,5.3766073415653E-06,4.94588868057538E-07,2.81266207965234E-06,3.57281416280347E-06,2.28980919147219E-06
Q9SL16, 0.4523185,-1.1445892, 0.0246723, 0.5909959,TRUE,9.03559883121816E-05,6.58973688273611E-05,8.71028910848284E-05,0.000123757979701387,0.000184481647785462,0.000267015386761662,0.000111177570124885,0.000248953143761727
P92558,0,-∞, 0.0371507, 0.6108075,TRUE,0,0,0,0,1.64862956019179E-07,9.3755402655078E-08,1.0508276949422E-07,0
Q2V491,0,-∞, 0.0002288, 0.2373178,TRUE,0,0,0,0,1.64862956019179E-07,9.3755402655078E-08,1.0508276949422E-07,1.27211621748455E-07
B3H6X6, 2.5538488, 1.3526731, 0.000343, 0.2803396,TRUE,1.71381221245444E-06,1.69783881036679E-06,1.69543340311101E-06,1.53617352616152E-06,3.29725912038359E-07,5.62532415930468E-07,9.45744925447978E-07,7.6326973049073E-07
Q9SI38, 2.7609955, 1.4651886, 0.0172203, 0.5664208,TRUE,3.61804800407049E-06,3.50179254638151E-06,1.69543340311101E-06,2.59229282539756E-06,4.94588868057538E-07,7.50043221240624E-07,1.99657262039018E-06,8.90481352239185E-07
Q9ZQR3, 3.2691403, 1.7089113, 0.0036425, 0.4656212,TRUE,1.23775326455043E-05,1.07176074904404E-05,8.15927325247176E-06,1.07532146831306E-05,1.15404069213426E-06,4.50025932744374E-06,6.30496616965319E-06,8.90481352239185E-07
AT2G06225, ∞, ∞, 0.0238441, 0.6004882,TRUE,3.8084715832321E-07,1.06114925647924E-07,2.11929175388877E-07,9.60108453850947E-08,0,0,0,0
Q9SKL6, 0.4209004,-1.2484491, 0.0068674, 0.5188478,TRUE,1.17110501184387E-05,1.44316298881177E-05,5.5101585601108E-06,1.04651821469753E-05,2.35754027107427E-05,2.30638290531492E-05,3.38366517771388E-05,1.95905897492621E-05
Q7Y232, 0.2634586,-1.9243519, 0.0006577, 0.3856202,TRUE,8.66427285185303E-06,9.9748030109049E-06,1.02785650063605E-05,1.20013556731368E-05,3.11590986876249E-05,4.04085785443386E-05,5.05448121267197E-05,3.32022332763468E-05
Q9ZVX4, 2.3677352, 1.2435078, 0.0068165, 0.519364,TRUE,4.31309406801035E-05,4.31887747387053E-05,2.51136072835819E-05,3.20676223586216E-05,1.17052698773617E-05,2.18450088186332E-05,1.64979948105925E-05,1.05585646051218E-05
A0A1P8B096, 2.8670324, 1.5195582, 0.037321, 0.6089666,TRUE,2.66593010826247E-06,1.48560895907094E-06,1.48350422772214E-06,3.16835789770813E-06,0,1.59384184513633E-06,8.40662155953759E-07,6.36058108742275E-07
AT2G06995, 15.6111015, 3.9645004, 0.0052158, 0.5042276,TRUE,4.76058947904012E-07,1.27337910777509E-06,8.47716701555507E-07,1.44016268077642E-06,1.64862956019179E-07,9.3755402655078E-08,0,0
Q9SI19, 2.4414938, 1.2877641, 0.0352317, 0.6107123,TRUE,2.38029473952006E-06,1.59172388471887E-06,2.96700845544428E-06,2.49628198001246E-06,9.89177736115077E-07,2.15637426106679E-06,2.1016553898844E-07,5.0884648699382E-07
F4IQG2, 0.1955762,-2.3541973, 0.0137304, 0.551918,TRUE,0,0,0,9.60108453850947E-08,1.64862956019179E-07,9.3755402655078E-08,1.0508276949422E-07,1.27211621748455E-07
A0MEM6, 0.325747,-1.6181762, 0.0447347, 0.6184444,TRUE,0,4.24459702591698E-07,3.17893763083315E-07,1.24814099000623E-06,2.14321842824933E-06,1.31257563717109E-06,1.89148985089596E-06,7.6326973049073E-07
Q9ZU70, 2.0806435, 1.0570298, 0.0209574, 0.5956412,TRUE,3.42762442490889E-06,3.92625224897321E-06,2.22525634158321E-06,2.20824944385718E-06,1.64862956019179E-06,1.50008644248125E-06,7.35579386459539E-07,1.78096270447837E-06
B3H592, 4.6443397, 2.2154735, 0.025431, 0.5923369,TRUE,9.52117895808025E-08,3.18344776943773E-07,3.17893763083315E-07,1.92021690770189E-07,0,9.3755402655078E-08,1.0508276949422E-07,0
O82200, 0.3295161,-1.601579, 0.024218, 0.5992736,TRUE,3.52283621448969E-05,3.88380627871404E-05,1.89676611973045E-05,2.40027113462737E-05,6.6110045363691E-05,5.25030254868437E-05,9.68863134736707E-05,0.000139678360679804
Q9SIK3, 2.1641649, 1.1138104, 0.0086779, 0.5189803,TRUE,3.91320455177098E-05,2.43003179733747E-05,3.82532161576923E-05,3.14915572863111E-05,8.90259962503569E-06,2.38138722743898E-05,1.59725809631214E-05,1.2848373796594E-05
Q8LF43, 2.9439742, 1.557765, 0.0193154, 0.5833995,TRUE,0.000105304239276368,8.58469748491709E-05,0.000205147441776433,0.000179540280870127,3.62698503242195E-05,4.87528093806406E-05,7.35579386459539E-05,3.70185819288004E-05
Q501D8, 0.4126623,-1.2769665, 0.0178553, 0.5740101,TRUE,8.77852699934999E-05,8.07534584180705E-05,8.5089563918634E-05,0.000137583541436841,0.000205419243199898,0.000329362729527289,0.000140495662813772,0.000272741717028688
O64820, 0.2588786,-1.9496526, 0.0355452, 0.6075577,TRUE,2.85635368742407E-07,5.30574628239622E-07,5.29822938472192E-07,3.84043381540379E-07,1.97835547223015E-06,7.50043221240624E-07,1.15591046443642E-06,2.79865567846601E-06
O22190, 0.4771423,-1.0675084, 0.0016857, 0.378878,TRUE,4.57016589987852E-06,4.13848210026905E-06,4.23858350777754E-06,4.80054226925473E-06,1.03863662292083E-05,7.12541060178593E-06,8.61678709852603E-06,1.10674110921156E-05
O22184, ∞, ∞, 0.0041182, 0.4992173,TRUE,9.52117895808025E-08,1.06114925647924E-07,2.11929175388877E-07,9.60108453850947E-08,0,0,0,0
O82229, 2.1938136, 1.1334409, 0.0490335, 0.6226608,TRUE,5.71270737484815E-07,4.24459702591698E-07,7.41752113861069E-07,9.60108453850947E-07,3.29725912038359E-07,5.62532415930468E-07,2.1016553898844E-07,1.27211621748455E-07
Q9ZUI0, 6.347868, 2.6662721, 0.0070999, 0.5189675,TRUE,7.6169431664642E-07,5.30574628239622E-07,1.05964587694438E-06,4.80054226925474E-07,1.64862956019179E-07,2.81266207965234E-07,0,0
Q94CB8, 0.3505563,-1.5122819, 0.0364393, 0.6100815,TRUE,4.76058947904012E-07,1.06114925647924E-07,0,1.15213014462114E-06,1.48376660417262E-06,1.50008644248125E-06,9.45744925447978E-07,1.01769297398764E-06
Q9ZQH2, 2.0230604, 1.0165394, 0.0490935, 0.622836,TRUE,1.39009212787972E-05,7.95861942359434E-06,1.65304756803324E-05,1.19053448277517E-05,2.14321842824933E-06,1.05943605000238E-05,7.67104217307805E-06,4.45240676119593E-06
Q9ZV35, 2.1520884, 1.1057373, 0.0021101, 0.3979945,TRUE,0.000209751572446508,0.000193978084084406,0.000246049772626486,0.00024309946051506,6.03398419030197E-05,0.000151883752301226,8.93203540700868E-05,0.000113345554977873
Q9ZW27, 0.3843516,-1.3795015, 0.0042888, 0.4986104,TRUE,1.52338863329284E-06,1.91006866166264E-06,2.22525634158321E-06,1.8242060623168E-06,3.79184798844113E-06,6.75038899116562E-06,4.72872462723989E-06,4.19798351769902E-06
Q8VYM0, 0.4895973,-1.0303324, 0.016099, 0.5720982,TRUE,4.09410695197451E-06,3.50179254638151E-06,1.3775396400277E-06,3.5524012792485E-06,8.57287371299733E-06,6.3753673805453E-06,5.67446955268787E-06,4.96125324818975E-06
O48851, 0.2814,-1.8293055, 0.0152125, 0.5682998,TRUE,5.71270737484815E-07,6.36689553887547E-07,6.3578752616663E-07,2.30426028924227E-06,4.94588868057539E-06,2.06261885841172E-06,3.15248308482659E-06,4.57961838294438E-06
P93007, 0.4198392,-1.2520911, 0.0109754, 0.5343493,TRUE,3.7132597936513E-06,5.73020598498792E-06,3.07297304313871E-06,2.97633620693794E-06,8.24314780095898E-06,6.56287818585546E-06,9.24728371549134E-06,1.2848373796594E-05
O22971, 0.2232486,-2.163277, 0.0390385, 0.6100493,TRUE,3.52283621448969E-06,6.89747016711509E-06,2.22525634158321E-06,5.18458565079511E-06,1.15404069213426E-05,1.37820441902965E-05,3.69891348619654E-05,1.75552038012868E-05
A0A178VYI2, 0.4612185,-1.1164776, 0.0030549, 0.4527283,TRUE,3.9036833728129E-06,3.07733284378981E-06,4.1326189200831E-06,8.16092185773305E-06,9.72691440513159E-06,1.10631375132992E-05,1.08235252579046E-05,1.01769297398764E-05
Q0WMV5, 0.4943976,-1.0162564, 0.0130615, 0.5504626,TRUE,4.66537768945932E-06,4.88128657980453E-06,4.45051268316641E-06,7.48884594003739E-06,7.2539700648439E-06,1.14381591239195E-05,1.40810911122255E-05,1.06857762268702E-05
AT2G08750, 2.7235092, 1.4454667, 0.0063388, 0.5118828,TRUE,6.66482527065617E-07,6.36689553887547E-07,9.53681289249946E-07,9.60108453850947E-07,1.64862956019179E-07,4.6877701327539E-07,4.20331077976879E-07,1.27211621748455E-07
Q9SJ52, 0.3163618,-1.6603526, 0.000811, 0.4289272,TRUE,1.42817684371204E-06,2.12229851295849E-06,1.48350422772214E-06,2.59229282539756E-06,5.11075163659456E-06,4.87528093806406E-06,7.25071109510117E-06,6.86942757441657E-06
Q9SJQ4, 0.2413455,-2.0508283, 0.0227728, 0.5917415,TRUE,9.52117895808025E-08,1.06114925647924E-07,1.05964587694438E-07,9.60108453850947E-08,6.59451824076718E-07,1.87510805310156E-07,3.15248308482659E-07,5.0884648699382E-07
Q0WT19, 2.3390028, 1.2258936, 0.0071893, 0.5170921,TRUE,3.09438316137608E-05,2.92877194788272E-05,2.43718551697208E-05,2.97633620693794E-05,4.28643685649867E-06,1.42508212035719E-05,2.19622988242919E-05,8.39596703539803E-06
O80930, 0.4822887,-1.052031, 0.0097532, 0.5335967,TRUE,2.85635368742407E-07,3.18344776943773E-07,1.05964587694438E-07,2.88032536155284E-07,4.94588868057538E-07,5.62532415930468E-07,6.30496616965319E-07,3.81634865245365E-07
O80905, 2.0279734, 1.0200387, 0.0109362, 0.533403,TRUE,8.75948464143383E-06,5.83632091063585E-06,1.1126281707916E-05,9.60108453850947E-06,3.13239616436441E-06,4.03148231416835E-06,5.67446955268787E-06,4.57961838294438E-06
O80950, 0.4332233,-1.2068172, 0.0101633, 0.5302231,TRUE,9.80681432682266E-05,0.000140283931706556,9.21891912941614E-05,0.000147856701893046,0.000195032876970689,0.00038420964008051,0.000277733759773223,0.000247299392678997
O80949, ∞, ∞, 0.0386597, 0.6122893,TRUE,0,2.12229851295849E-07,1.05964587694438E-07,1.92021690770189E-07,0,0,0,0
Q9SHC2, 0.4523232,-1.1445741, 0.0477907, 0.6203128,TRUE,1.90423579161605E-07,2.12229851295849E-07,6.3578752616663E-07,3.84043381540379E-07,9.89177736115077E-07,4.6877701327539E-07,1.0508276949422E-06,6.36058108742275E-07
Q93WU8, 0.3400559,-1.5561563, 0.020685, 0.5910119,TRUE,2.18987116035846E-06,2.12229851295849E-06,7.41752113861069E-07,1.15213014462114E-06,2.63780729630687E-06,6.18785657523515E-06,5.98971786117053E-06,3.43471378720829E-06
Q1G3R7, 2.2570698, 1.174451, 0.0045172, 0.4952794,TRUE,2.18987116035846E-06,2.97121791814189E-06,2.33122092927764E-06,1.8242060623168E-06,9.89177736115077E-07,1.03130942920586E-06,1.47115877291908E-06,6.36058108742275E-07
P93738, ∞, ∞, 0.0244628, 0.596843,TRUE,9.52117895808025E-08,0,1.05964587694438E-07,9.60108453850947E-08,0,0,0,0
AT2G09455, ∞, ∞, 0.0052733, 0.4990551,TRUE,1.90423579161605E-07,3.18344776943773E-07,3.17893763083315E-07,9.60108453850947E-08,0,0,0,0
O24603, 0.421825,-1.2452835, 0.0085268, 0.51451,TRUE,6.37918990191377E-06,1.05053776391445E-05,6.56980443705518E-06,1.12332689100561E-05,1.81349251621097E-05,1.50946198274676E-05,2.82672649939451E-05,2.07354943449982E-05
O22822, 0.3309445,-1.5953387, 0.0043042, 0.4982555,TRUE,2.63736657138823E-05,3.15161329174336E-05,2.68090406866929E-05,3.10115030593856E-05,0.000118866191289828,5.49406659558757E-05,8.86898574531215E-05,8.71399608976917E-05
O64857, ∞, ∞, 0, 0.0006418,TRUE,9.52117895808025E-08,1.06114925647924E-07,1.05964587694438E-07,9.60108453850947E-08,0,0,0,0
AT2G09640, 2.4212508, 1.2757525, 0.0146009, 0.5570246,TRUE,8.56906106227222E-07,5.30574628239622E-07,6.3578752616663E-07,8.64097608465852E-07,1.64862956019179E-07,3.75021610620312E-07,5.25413847471099E-07,1.27211621748455E-07
P0CH01, 0.3945346,-1.3417762, 0.0102417, 0.5312304,TRUE,1.71381221245444E-06,8.48919405183396E-07,4.23858350777754E-07,7.68086763080758E-07,1.97835547223015E-06,1.96886345575664E-06,3.15248308482659E-06,2.41702081322065E-06
Q8L500, 2.7044202, 1.4353193, 0.0008085, 0.4361632,TRUE,3.84655629906442E-05,3.02427538096585E-05,2.70209698620818E-05,2.57309065632054E-05,8.73773666901651E-06,1.06881159026789E-05,1.42912566512139E-05,1.1194622713864E-05
O22264, 2.3042927, 1.204324, 0.042218, 0.6158478,TRUE,4.33213642592651E-05,4.09603613000988E-05,2.11929175388877E-05,2.15064293662612E-05,6.92424415280554E-06,1.80947927124301E-05,2.14368849768208E-05,8.65039027889494E-06
O22262, 2.0155588, 1.0111799, 0.0021509, 0.4001063,TRUE,1.14254147496963E-06,1.06114925647924E-06,1.27157505233326E-06,1.34415183539133E-06,3.29725912038359E-07,5.62532415930468E-07,7.35579386459539E-07,7.6326973049073E-07
F4IN73, 7.8387352, 2.9706209, 0.0203909, 0.5926544,TRUE,3.8084715832321E-07,3.18344776943773E-07,1.05964587694438E-07,1.92021690770189E-07,0,0,0,1.27211621748455E-07
A0A1P8B386, ∞, ∞, 0.0244713, 0.5930272,TRUE,9.52117895808025E-08,1.06114925647924E-07,1.05964587694438E-07,0,0,0,0,0
O23077, 0.1327292,-2.9134418, 0.0114927, 0.5419234,TRUE,0,0,1.05964587694438E-07,9.60108453850947E-08,4.94588868057538E-07,5.62532415930468E-07,2.1016553898844E-07,2.5442324349691E-07
A0A1P8B3J6, 0.4145888,-1.270247, 0.027459, 0.5967961,TRUE,1.90423579161605E-07,2.12229851295849E-07,0,9.60108453850947E-08,3.29725912038359E-07,2.81266207965234E-07,2.1016553898844E-07,3.81634865245365E-07
AT4G03895, ∞, ∞, 0.0430755, 0.6170115,TRUE,9.52117895808025E-08,2.12229851295849E-07,0,1.92021690770189E-07,0,0,0,0
A0A1P8B8B4, 0.2860459,-1.8056813, 0.0010695, 0.400665,TRUE,2.58023949763975E-05,3.63974194972381E-05,2.90342970282761E-05,3.3507785039398E-05,9.69394181392775E-05,0.00011963189378788,7.99679875851013E-05,0.000139551149058055
F4JG70, 2.205618, 1.1411829, 0.0032162, 0.4518122,TRUE,2.76114189784327E-06,2.12229851295849E-06,2.11929175388877E-06,2.30426028924227E-06,4.94588868057538E-07,9.3755402655078E-07,1.26099323393064E-06,1.52653946098146E-06
Q8RXK7, 0.4413066,-1.1801468, 0.0029772, 0.4511325,TRUE,4.28453053113611E-06,4.66905672850868E-06,4.34454809547197E-06,5.28059649618021E-06,9.23232553707405E-06,1.05943605000238E-05,8.40662155953759E-06,1.38660667705816E-05
A0A178V3G1, 5.7524038, 2.524165, 0.0192628, 0.5831153,TRUE,1.90423579161605E-07,1.06114925647924E-07,2.11929175388877E-07,9.60108453850947E-08,0,0,1.0508276949422E-07,0
Q9ZPH4, 0.4019731,-1.314829, 0.0321007, 0.6025199,TRUE,1.90423579161605E-07,2.12229851295849E-07,4.23858350777754E-07,1.92021690770189E-07,3.29725912038359E-07,9.3755402655078E-07,6.30496616965319E-07,6.36058108742275E-07
A0A178UXQ0, 6.4067265, 2.6795874, 0.0012943, 0.3526314,TRUE,2.57071831868167E-06,4.56294180286075E-06,2.54315010466652E-06,3.93644466078888E-06,4.94588868057538E-07,4.6877701327539E-07,5.25413847471099E-07,6.36058108742275E-07
Q9M0Y5, 2.1016785, 1.071542, 0.0218732, 0.5923322,TRUE,4.30357288905227E-05,4.6372222508143E-05,2.29943155296931E-05,3.0435437987075E-05,1.00566403171699E-05,1.75322602964996E-05,2.33283748277168E-05,1.7046357314293E-05
Q9ZQC1, 4.2442967, 2.0855255, 0.0436137, 0.6175058,TRUE,2.85635368742407E-07,2.12229851295849E-07,1.05964587694438E-07,1.92021690770189E-07,0,1.87510805310156E-07,0,0
AT4G05535, 7.4815823, 2.9033434, 0.0257073, 0.5923781,TRUE,9.52117895808025E-08,2.12229851295849E-07,1.05964587694438E-07,2.88032536155284E-07,0,9.3755402655078E-08,0,0
A0A178V0J4, 0.4632308,-1.1101968, 0.0268152, 0.5957663,TRUE,2.76114189784327E-06,3.18344776943773E-06,2.54315010466652E-06,3.16835789770813E-06,7.2539700648439E-06,3.93772691151328E-06,4.93889016622833E-06,9.03202514414031E-06
F4JKQ7, 2.3693048, 1.2444638, 0.0018883, 0.3887963,TRUE,8.37863748311062E-06,9.65645823396113E-06,1.30336442864159E-05,1.08492255285157E-05,3.62698503242195E-06,5.71907956195976E-06,3.25756585432081E-06,5.0884648699382E-06
Q38806, 0.3162464,-1.6608788, 0.0270072, 0.5956152,TRUE,7.90257853520661E-06,1.03992627134966E-05,1.26097859356382E-05,5.64543770864357E-05,6.19884714632115E-05,0.00010191212268607,4.93889016622833E-05,6.29697527654853E-05
Q84TI7, 2.2681458, 1.1815134, 0.0037027, 0.4666777,TRUE,7.89305735624853E-05,6.41995300169943E-05,8.2652378401662E-05,6.5863439934175E-05,1.82997881181289E-05,5.25030254868437E-05,2.3433457597211E-05,3.43471378720829E-05
Q9T019, 2.3764541, 1.2488106, 0.0010999, 0.3852701,TRUE,4.97957659507597E-05,4.66905672850868E-05,5.33001876103025E-05,5.14618131264108E-05,7.74855893290144E-06,2.42826492876652E-05,3.02638376143353E-05,2.23892454277281E-05
P50700, 0.3784916,-1.401667, 0.001489, 0.3585806,TRUE,2.15178644452614E-05,2.31330537912475E-05,9.00698995402726E-06,2.03542992216401E-05,5.04480645418689E-05,3.600207461955E-05,5.6429447218396E-05,5.26656114038604E-05
Q3EA54, 2.4195445, 1.2747354, 0.0366611, 0.6111386,TRUE,1.33296505413123E-06,9.5503433083132E-07,1.27157505233326E-06,2.01622775308699E-06,1.64862956019179E-07,2.81266207965234E-07,8.40662155953759E-07,1.01769297398764E-06
Q38838, 2.4038287, 1.2653341, 0.0115099, 0.541789,TRUE,7.23609600814099E-06,5.1996313567483E-06,5.72208773549967E-06,6.04868325926097E-06,6.59451824076718E-07,4.87528093806406E-06,2.6270692373555E-06,1.90817432622683E-06
Q9STH1, 2.0590801, 1.042, 0.0046135, 0.4937892,TRUE,0.000251168700914157,0.000217005022950006,0.000165516685978713,0.000176275912127034,7.58369597688226E-05,0.00012628852737639,0.00011580121198263,7.54364916968338E-05
A0A178V1C5_1, 606.0943353, 9.2433985, 0.0000289, 0.1299633,TRUE,0.000114730206444867,0.000108873913714771,7.52348572630513E-05,9.63948887666351E-05,0,1.87510805310156E-07,2.1016553898844E-07,2.5442324349691E-07
Q9SU32, 2.2706771, 1.1831226, 0.0215225, 0.5923523,TRUE,2.85635368742407E-07,2.12229851295849E-07,2.11929175388877E-07,1.92021690770189E-07,1.64862956019179E-07,0,1.0508276949422E-07,1.27211621748455E-07
Q9S7I2, 2.5976564, 1.3772106, 0.0165234, 0.5677306,TRUE,0.000258880855870202,0.000269531911145728,0.000133833274258076,0.000183380714685531,3.65995762362578E-05,0.000105568583389618,0.000133244951718671,5.01213789688913E-05
Q9T0J9, 0.4048973,-1.3043721, 0.0442979, 0.6181079,TRUE,2.47550652910086E-06,1.91006866166264E-06,1.69543340311101E-06,3.26436874309322E-06,2.96753320834523E-06,8.5317416416121E-06,4.20331077976879E-06,7.37827406141039E-06
Q9T0K0, 0.379505,-1.3978091, 0.0426788, 0.6168979,TRUE,1.82806635995141E-05,1.71906179549638E-05,1.14441754709993E-05,1.69939196331618E-05,2.63780729630687E-05,6.27223643762472E-05,2.33283748277168E-05,5.59731135693202E-05
Q9T0K2, 2.3396156, 1.2262715, 0.0308637, 0.5980293,TRUE,1.26631680142467E-05,7.21581494405886E-06,1.52589006279991E-05,1.83380714685531E-05,1.81349251621097E-06,8.25047543364686E-06,6.30496616965319E-06,6.48779270917121E-06
P48421, 2.3604256, 1.239047, 0.010034, 0.5306622,TRUE,0.000249454888701703,0.000222098539381106,0.000147502706070658,0.000158129862349251,7.73207263729952E-05,0.000132663894756935,5.4012543520029E-05,6.52595619569574E-05
AT4G13918, 2.1945256, 1.1339091, 0.026749, 0.5957678,TRUE,5.52228379568654E-06,2.86510299249396E-06,5.40419397241636E-06,4.32048804232926E-06,1.31890364815344E-06,2.34388506637695E-06,3.57281416280347E-06,1.01769297398764E-06
O23267, 0.205185,-2.2850025, 0.013213, 0.5499699,TRUE,4.76058947904012E-07,7.42804479535471E-07,6.3578752616663E-07,6.72075917695663E-07,1.64862956019179E-06,4.96903634071913E-06,3.15248308482659E-06,2.5442324349691E-06
Q8L7H1, 2.1518169, 1.1055553, 0.014053, 0.5517294,TRUE,1.80902400203525E-06,9.5503433083132E-07,1.3775396400277E-06,1.34415183539133E-06,4.94588868057538E-07,9.3755402655078E-07,7.35579386459539E-07,3.81634865245365E-07
Q1G3I2, 4.0935344, 2.033347, 0.0071906, 0.5158114,TRUE,1.01876614851459E-05,8.17084927489018E-06,6.67576902474962E-06,3.74442297001869E-06,1.64862956019179E-06,1.87510805310156E-06,1.47115877291908E-06,2.03538594797528E-06
O23382, 3.7998681, 1.9259494, 0.0184138, 0.5802067,TRUE,1.14254147496963E-06,1.48560895907094E-06,7.41752113861069E-07,5.76065072310568E-07,0,4.6877701327539E-07,3.15248308482659E-07,2.5442324349691E-07
O23401, 0.267955,-1.8999371, 0.0300626, 0.5984127,TRUE,1.14254147496963E-06,1.48560895907094E-06,9.53681289249946E-07,1.15213014462114E-06,7.41883302086308E-06,4.03148231416835E-06,1.89148985089596E-06,4.32519513944747E-06
O23406, 0.4903691,-1.0280601, 0.0030386, 0.4528034,TRUE,2.1232229076519E-05,3.54423851664068E-05,3.94188266223311E-05,3.8500348999423E-05,8.45746964378391E-05,5.82221050488034E-05,6.09480063066475E-05,7.0729661692141E-05
O81815, 0.3967098,-1.3338441, 0.0217855, 0.5923364,TRUE,1.65668513870596E-05,2.51492373785581E-05,4.07963662623588E-05,3.26436874309322E-05,0.00010254475864393,5.79408388408382E-05,4.39245976485839E-05,8.58678446802072E-05
A0A1P8B6B7, 3.0021347, 1.5859887, 0.0154613, 0.5689266,TRUE,9.52117895808025E-07,1.48560895907094E-06,1.05964587694438E-06,5.76065072310568E-07,3.29725912038359E-07,5.62532415930468E-07,2.1016553898844E-07,2.5442324349691E-07
O49519, 2.4686413, 1.3037172, 0.001153, 0.3702117,TRUE,9.80681432682266E-06,9.01976868007358E-06,7.09962737552737E-06,8.54496523927343E-06,1.64862956019179E-06,4.59401473009882E-06,4.41347631875723E-06,3.30750216545983E-06
Q8L7H2, ∞, ∞, 0.0021011, 0.39909,TRUE,1.90423579161605E-07,1.06114925647924E-07,2.11929175388877E-07,9.60108453850947E-08,0,0,0,0
F4JTY7,0,-∞, 0.0002179, 0.2350681,TRUE,0,0,0,0,1.64862956019179E-07,1.87510805310156E-07,1.0508276949422E-07,1.27211621748455E-07
O81862, 0.4361751,-1.1970207, 0.0031534, 0.4524129,TRUE,1.26631680142467E-05,1.42194000368219E-05,6.99366278783293E-06,1.14252906008263E-05,2.07727324584166E-05,3.32831679425527E-05,2.38537886751879E-05,2.59511708366848E-05
O49561, 0.4243759,-1.2365855, 0.0156571, 0.5714517,TRUE,2.85635368742407E-07,2.12229851295849E-07,3.17893763083315E-07,5.76065072310568E-07,4.94588868057538E-07,8.43798623895702E-07,1.0508276949422E-06,8.90481352239185E-07
Q93WT0, 0.3816236,-1.3897777, 0.0415642, 0.6139476,TRUE,1.23775326455043E-06,2.44064328990226E-06,8.47716701555507E-07,7.68086763080758E-07,1.97835547223015E-06,2.71890667699726E-06,5.35922124420521E-06,3.81634865245365E-06
P82794, 9.9818231, 3.3193033, 0.0081316, 0.5148507,TRUE,1.90423579161605E-06,1.48560895907094E-06,1.16561046463882E-06,5.76065072310568E-07,0,9.3755402655078E-08,4.20331077976879E-07,0
O82743, 2.5868013, 1.3711692, 0.0222142, 0.5914735,TRUE,2.76114189784327E-06,2.33452836425434E-06,9.53681289249946E-07,1.92021690770189E-06,4.94588868057538E-07,7.50043221240624E-07,9.45744925447978E-07,8.90481352239185E-07
A0A178URY2, 0.4054619,-1.3023616, 0.0073029, 0.5183543,TRUE,5.77935562755471E-05,0.000109192258491714,0.000154072510507713,0.000161010187710804,0.000236578341887523,0.000386272258938921,0.000233809162124639,0.000332276756006965
A0A178V4S8, 0.4158087,-1.2660083, 0.0016057, 0.3765893,TRUE,3.41810324595081E-05,4.09603613000988E-05,4.60945956470807E-05,5.51102252510444E-05,9.11692146786063E-05,0.000126944815194976,8.50119605208238E-05,0.000120978252282781
AT4G07190, 2.5843385, 1.369795, 0.0154012, 0.5682634,TRUE,2.47550652910086E-06,1.48560895907094E-06,1.69543340311101E-06,1.63218437154661E-06,4.94588868057538E-07,9.3755402655078E-07,1.26099323393064E-06,1.27211621748455E-07
Q9SB36, 2.1471276, 1.1024079, 0.0045093, 0.4964317,TRUE,3.52283621448969E-06,3.18344776943773E-06,3.81472515699978E-06,2.40027113462737E-06,9.89177736115077E-07,1.50008644248125E-06,1.36607600342486E-06,2.16259756972374E-06
P93835, ∞, ∞, 0.0446262, 0.6201227,TRUE,9.52117895808025E-08,2.12229851295849E-07,2.11929175388877E-07,0,0,0,0,0
Q1PE49, 3.6044319, 1.8497719, 0.0482632, 0.6195881,TRUE,4.76058947904012E-07,2.12229851295849E-07,7.41752113861069E-07,1.05611929923604E-06,1.64862956019179E-07,1.87510805310156E-07,2.1016553898844E-07,1.27211621748455E-07
Q8RWE5, 2.7080369, 1.4372474, 0.0179615, 0.573321,TRUE,1.80902400203525E-06,1.91006866166264E-06,9.53681289249946E-07,9.60108453850947E-07,6.59451824076718E-07,2.81266207965234E-07,6.30496616965319E-07,5.0884648699382E-07
F4JU69, 9.6429008, 3.2694672, 0.0058051, 0.5083595,TRUE,2.85635368742407E-07,5.30574628239622E-07,8.47716701555507E-07,5.76065072310568E-07,0,0,1.0508276949422E-07,1.27211621748455E-07
Q9SUA4, ∞, ∞, 0.0360567, 0.6082052,TRUE,1.90423579161605E-07,0,1.05964587694438E-07,1.92021690770189E-07,0,0,0,0
Q9SZ28, 0.2526492,-1.9847922, 0.0003743, 0.2884668,TRUE,2.85635368742407E-07,1.06114925647924E-07,1.05964587694438E-07,9.60108453850947E-08,6.59451824076718E-07,6.56287818585546E-07,5.25413847471099E-07,5.0884648699382E-07
A0A384KHS1, 0.4311253,-1.213821, 0.0258342, 0.5930224,TRUE,5.71270737484815E-07,3.18344776943773E-07,4.23858350777754E-07,6.72075917695663E-07,6.59451824076718E-07,1.03130942920586E-06,1.26099323393064E-06,1.65375108272992E-06
A0A178UWL7, 3.6565652, 1.8704891, 0.0452438, 0.6203943,TRUE,3.8084715832321E-07,2.12229851295849E-07,1.05964587694438E-07,2.88032536155284E-07,1.64862956019179E-07,0,1.0508276949422E-07,0
Q67Y55, ∞, ∞, 0.0244756, 0.590743,TRUE,9.52117895808025E-08,1.06114925647924E-07,0,9.60108453850947E-08,0,0,0,0
Q9FUJ2, 0.3037341,-1.7191194, 0.0011892, 0.3644819,TRUE,4.85580126862093E-06,4.03236717462113E-06,9.53681289249946E-07,5.28059649618021E-06,1.51673919537645E-05,1.03130942920586E-05,1.08235252579046E-05,1.34844319053362E-05
Q9SZW4, 2.4538458, 1.2950446, 0.0087672, 0.5208537,TRUE,1.4948250964186E-05,1.02931477878487E-05,1.0384529594055E-05,7.2968242492672E-06,3.95671094446031E-06,3.37519449558281E-06,4.30839354926301E-06,5.85173460042893E-06
Q9SUM5, 2.1031967, 1.0725838, 0.009293, 0.5265752,TRUE,1.90423579161605E-06,2.01618358731056E-06,1.16561046463882E-06,1.44016268077642E-06,4.94588868057538E-07,7.50043221240624E-07,8.40662155953759E-07,1.01769297398764E-06
O65782, 0.4441838,-1.1707713, 0.016064, 0.572361,TRUE,0.000177569987568197,0.00018506443032998,0.000169437375723407,0.000246459840103538,0.000336815019147184,0.000642224508187284,0.000343200325168122,0.000430484127996772
Q9SZ58, 2.0225198, 1.0161538, 0.0025484, 0.4242975,TRUE,0.000185282142524242,0.000171906179549638,0.000151317431227658,0.000154385439379232,5.09426534099265E-05,0.000121225735633016,8.57475399072834E-05,6.98391803399018E-05
Q84WT5, ∞, ∞, 0.0298894, 0.5980538,TRUE,2.85635368742407E-07,2.12229851295849E-07,0,1.92021690770189E-07,0,0,0,0
O81755, 4.5346713, 2.180998, 0.0199612, 0.5884068,TRUE,2.85635368742407E-07,1.06114925647924E-07,3.17893763083315E-07,1.92021690770189E-07,0,9.3755402655078E-08,1.0508276949422E-07,0
Q8VZE9, 0.4772186,-1.0672777, 0.0166714, 0.5670369,TRUE,2.96108665596296E-05,4.43560389208324E-05,5.56314085395802E-05,7.69046871534608E-05,0.000101225854995776,7.50043221240624E-05,0.000114014804901228,0.00014247701635827
Q9SZ05, 0.3886354,-1.3635107, 0.0082126, 0.5115728,TRUE,3.8084715832321E-07,1.06114925647924E-07,1.05964587694438E-07,1.92021690770189E-07,4.94588868057538E-07,4.6877701327539E-07,4.20331077976879E-07,6.36058108742275E-07
A0A178UYP1, ∞, ∞, 0.0442605, 0.617906,TRUE,0,2.12229851295849E-07,2.11929175388877E-07,9.60108453850947E-08,0,0,0,0
Q9ZT49, 0.3308352,-1.5958153, 0.0339882, 0.6067041,TRUE,1.99944758119685E-06,2.01618358731056E-06,1.80139799080545E-06,2.01622775308699E-06,8.24314780095898E-06,2.81266207965234E-06,4.09822801027457E-06,8.52317865714649E-06
AT4G36052, 0.1355576,-2.8830221, 0.0042191, 0.4947763,TRUE,9.52117895808025E-08,0,1.05964587694438E-07,0,4.94588868057538E-07,1.87510805310156E-07,4.20331077976879E-07,3.81634865245365E-07
O23208, 2.8605608, 1.516298, 0.0005884, 0.3690699,TRUE,1.4472192016282E-05,1.07176074904404E-05,1.38813609879714E-05,1.35375291992984E-05,2.63780729630687E-06,7.21916600444101E-06,3.57281416280347E-06,4.96125324818975E-06
O23180, 0.3214763,-1.6372158, 0.0224078, 0.5907943,TRUE,1.90423579161605E-07,5.30574628239622E-07,2.11929175388877E-07,2.88032536155284E-07,6.59451824076718E-07,1.03130942920586E-06,1.47115877291908E-06,6.36058108742275E-07
F4JRB0, 0.4943937,-1.0162676, 0.0080729, 0.5147548,TRUE,1.71381221245444E-05,1.22032164495113E-05,1.25038213479437E-05,1.93941907677891E-05,3.56103985001428E-05,3.22518585133468E-05,2.03860572818786E-05,3.56192540895674E-05
AT4G37225, 3.9053494, 1.9654516, 0.0099069, 0.5354907,TRUE,8.56906106227222E-07,5.30574628239622E-07,1.05964587694438E-06,4.80054226925474E-07,3.29725912038359E-07,1.87510805310156E-07,1.0508276949422E-07,1.27211621748455E-07
Q66GI1, 3.043126, 1.6055541, 0.0006174, 0.3700292,TRUE,2.09465937077765E-06,1.59172388471887E-06,1.69543340311101E-06,1.44016268077642E-06,3.29725912038359E-07,5.62532415930468E-07,8.40662155953759E-07,5.0884648699382E-07
Q9SVF6, 2.8668028, 1.5194427, 0.0314603, 0.5992563,TRUE,6.66482527065617E-07,9.5503433083132E-07,5.29822938472192E-07,3.84043381540379E-07,0,1.87510805310156E-07,3.15248308482659E-07,3.81634865245365E-07
Q9SVF4, ∞, ∞, 0.0454073, 0.6196439,TRUE,3.8084715832321E-07,0,2.11929175388877E-07,1.92021690770189E-07,0,0,0,0
A0A1P8B710, 0.2279912,-2.13295, 0.0353191, 0.609877,TRUE,1.23775326455043E-06,5.41186120804415E-06,6.14594608627743E-06,4.22447719694417E-06,3.08293727755866E-05,7.03165519913085E-06,1.37658428037428E-05,2.30253035364704E-05
AT4G09785, ∞, ∞, 0.0244032, 0.5991844,TRUE,0,1.06114925647924E-07,1.05964587694438E-07,9.60108453850947E-08,0,0,0,0
ENSRNA049493733, ∞, ∞, 0.0244628, 0.596843,TRUE,9.52117895808025E-08,0,1.05964587694438E-07,9.60108453850947E-08,0,0,0,0
Q8LEP7, 2.4274551, 1.2794446, 0.0424027, 0.6158779,TRUE,8.98799293642775E-05,7.3007068845772E-05,0.000165092827627935,0.000181364486932444,3.52806725881044E-05,5.59719753850816E-05,8.2700139591951E-05,3.58736773330643E-05
O81346, 0.3337095,-1.5833353, 0.0103879, 0.5306477,TRUE,7.90257853520661E-05,8.34063315592686E-05,7.55527510261346E-05,0.000117517274751356,0.000226191975658314,0.000385522215717681,0.000163929120410983,0.000289660862721232
P93277, ∞, ∞, 0.0463185, 0.6206174,TRUE,9.52117895808025E-08,1.06114925647924E-07,0,1.92021690770189E-07,0,0,0,0
