ID,NodeType,weight,x,y,color,label
A0A140JWM8,2,1,-2.89156198501587,6.86916542053223,#00008B,A0A140JWM8
A0A140JWM8_1,5,1,-2.25784873962402,6.16568803787231,#FFD700,A0A140JWM8_1
A0A178U7S5,2,1,-3.78931593894958,6.67607927322388,#00008B,A0A178U7S5
A0A178UEA7,1,1,-1.83810305595398,8.94683456420898,#006400,A0A178UEA7
A0A178UXE6,5,1,-2.14273405075073,5.80552291870117,#FFD700,A0A178UXE6
A0A178UXQ0,3,1,-0.76140296459198,7.22907304763794,#B03060,A0A178UXQ0
A0A178UZY4,4,1,-2.57298946380615,8.92923927307129,#FF4500,A0A178UZY4
A0A178V1C5_1,1,1,-1.78257966041565,8.75393867492676,#006400,A0A178V1C5_1
A0A178V3G1,3,1,-0.579604148864746,7.93771505355835,#B03060,A0A178V3G1
A0A178V5Z5,5,1,-1.32628297805786,6.29356861114502,#FFD700,A0A178V5Z5
A0A178VYM0,4,1,-3.43413472175598,7.89095497131348,#FF4500,A0A178VYM0
A0A178W1Y6,2,1,-3.11440181732178,6.72582769393921,#00008B,A0A178W1Y6
A0A178W2S0,5,1,-2.10666060447693,5.92231702804565,#FFD700,A0A178W2S0
A0A178WB81,4,1,-2.50482106208801,7.32511520385742,#FF4500,A0A178WB81
A0A178WC31,1,1,-2.16664266586304,9.39973258972168,#006400,A0A178WC31
A0A178WE54,2,1,-2.73996329307556,7.11312770843506,#00008B,A0A178WE54
A0A1I9LTB9,4,1,-3.01001262664795,7.49164342880249,#FF4500,A0A1I9LTB9
A0A1P8APL7,1,1,-1.78371691703796,8.12516689300537,#006400,A0A1P8APL7
A0A1P8AU14,3,1,-0.861276626586914,7.68066644668579,#B03060,A0A1P8AU14
A0A1P8AUV9,4,1,-2.86067152023315,8.13912773132324,#FF4500,A0A1P8AUV9
A0A1P8AXS8,2,1,-2.64540028572083,6.09879493713379,#00008B,A0A1P8AXS8
A0A1P8AZU2,2,1,-2.78323841094971,5.64393281936646,#00008B,A0A1P8AZU2
A0A1P8B096,1,1,-1.6463395357132,7.98279809951782,#006400,A0A1P8B096
A0A1P8B386,1,1,-1.44537258148193,9.20456314086914,#006400,A0A1P8B386
A0A1P8B8B4,4,1,-3.48740339279175,8.07521343231201,#FF4500,A0A1P8B8B4
A0A1P8BCM6,2,1,-2.88637375831604,6.55098056793213,#00008B,A0A1P8BCM6
A0A1P8BF78,4,1,-2.81792736053467,8.11960124969482,#FF4500,A0A1P8BF78
A0A1P8BGN4,2,1,-3.73043704032898,7.07328796386719,#00008B,A0A1P8BGN4
A0A1P8BGZ5,2,1,-2.69156861305237,5.77520084381104,#00008B,A0A1P8BGZ5
A0A384KEP4,5,1,-1.40954029560089,6.56787252426147,#FFD700,A0A384KEP4
A0A384KHS1,4,1,-3.58589172363281,7.77328443527222,#FF4500,A0A384KHS1
A0A384KZ20,2,1,-3.14753103256226,5.8420524597168,#00008B,A0A384KZ20
A0MDR2,1,1,-1.08768534660339,8.9521484375,#006400,A0MDR2
A0MFN6,2,1,-2.79026317596436,6.68356847763062,#00008B,A0MFN6
A8MRV9,4,1,-2.38664603233337,8.45022392272949,#FF4500,A8MRV9
AT1G04223,1,1,-1.82088398933411,8.4750919342041,#006400,AT1G04223
AT1G04273,5,1,-1.5921505689621,6.62800598144531,#FFD700,AT1G04273
AT1G04677,2,1,-3.07947707176208,5.6413197517395,#00008B,AT1G04677
AT1G04743,4,1,-2.52978563308716,7.87621450424194,#FF4500,AT1G04743
AT1G04803,2,1,-3.23461675643921,6.84542465209961,#00008B,AT1G04803
AT1G04973,2,1,-2.87379097938538,6.22670793533325,#00008B,AT1G04973
AT1G05017,3,1,-1.101726770401,7.80911874771118,#B03060,AT1G05017
AT1G05837,2,1,-3.5829222202301,6.10506868362427,#00008B,AT1G05837
AT1G06153,1,1,-1.19819498062134,8.66635322570801,#006400,AT1G06153
AT1G06463,4,1,-2.30143332481384,8.38317966461182,#FF4500,AT1G06463
AT1G06963,1,1,-0.769748389720917,8.27375984191895,#006400,AT1G06963
AT1G07753,4,1,-2.785808801651,8.47423076629639,#FF4500,AT1G07753
AT1G08697,3,1,-0.43315976858139,7.70768117904663,#B03060,AT1G08697
AT1G09327,2,1,-3.47187638282776,6.62137031555176,#00008B,AT1G09327
AT1G09523,1,1,-0.745771586894989,8.9709005355835,#006400,AT1G09523
AT1G09907,2,1,-2.7544367313385,6.84040021896362,#00008B,AT1G09907
AT1G54355,1,1,-2.05864262580872,8.54133319854736,#006400,AT1G54355
AT1G67105,3,1,-1.77015399932861,7.13004446029663,#B03060,AT1G67105
AT1G69572,5,1,-1.53917014598846,6.22321701049805,#FFD700,AT1G69572
AT1G74205,3,1,-0.396793216466904,7.97695779800415,#B03060,AT1G74205
AT2G04205,3,1,-1.35828602313995,7.72642517089844,#B03060,AT2G04205
AT2G04335,1,1,-1.37102961540222,8.49749279022217,#006400,AT2G04335
AT2G04465,1,1,-2.16196823120117,8.48694133758545,#006400,AT2G04465
AT2G04785,1,1,-1.72219741344452,9.02956295013428,#006400,AT2G04785
AT2G06995,3,1,-0.923161149024963,7.73903322219849,#B03060,AT2G06995
AT2G08290,2,1,-3.62241125106812,5.94209098815918,#00008B,AT2G08290
AT2G08340,4,1,-3.67222833633423,8.35537719726563,#FF4500,AT2G08340
AT2G08635,1,1,-0.695894539356232,8.40342903137207,#006400,AT2G08635
AT2G08660,4,1,-2.2688193321228,7.52085399627686,#FF4500,AT2G08660
AT2G08985,1,1,-0.795903861522675,8.918625831604,#006400,AT2G08985
AT2G09455,3,1,-1.75677311420441,7.66032266616821,#B03060,AT2G09455
AT2G09815,2,1,-3.70835733413696,6.54600954055786,#00008B,AT2G09815
AT2G09945,3,1,-1.93590712547302,7.72587394714355,#B03060,AT2G09945
AT3G02085,3,1,-0.636384010314941,7.46820402145386,#B03060,AT3G02085
AT3G03595,1,1,-0.522037923336029,8.22919845581055,#006400,AT3G03595
AT3G04495,2,1,-2.62166523933411,5.84163522720337,#00008B,AT3G04495
AT3G05955,1,1,-2.09075379371643,8.8945779800415,#006400,AT3G05955
AT3G06605,1,1,-1.69998729228973,9.35030269622803,#006400,AT3G06605
AT3G06962,3,1,-0.96659529209137,6.81247854232788,#B03060,AT3G06962
AT3G08070,1,1,-1.31790721416473,8.58269882202148,#006400,AT3G08070
AT3G08230,5,1,-2.19782853126526,5.71879625320435,#FFD700,AT3G08230
AT3G08245,4,1,-2.67583966255188,8.90974712371826,#FF4500,AT3G08245
AT3G08410,2,1,-3.30415201187134,5.7417950630188,#00008B,AT3G08410
AT3G08975,2,1,-3.32560443878174,6.48125219345093,#00008B,AT3G08975
AT3G09855,2,1,-3.5980212688446,6.84380292892456,#00008B,AT3G09855
AT3G14475,2,1,-2.81303071975708,7.05048704147339,#00008B,AT3G14475
AT3G27884,5,1,-2.09829211235046,6.63576793670654,#FFD700,AT3G27884
AT3G29644,4,1,-3.3763542175293,8.26447486877441,#FF4500,AT3G29644
AT4G04223,4,1,-2.34699535369873,7.50986242294312,#FF4500,AT4G04223
AT4G05945,5,1,-2.44489598274231,5.82538032531738,#FFD700,AT4G05945
AT4G09785,4,1,-2.78602290153503,8.36962985992432,#FF4500,AT4G09785
AT4G15258,4,1,-3.00473356246948,7.62785005569458,#FF4500,AT4G15258
AT4G16355,4,1,-2.28374528884888,8.64332675933838,#FF4500,AT4G16355
AT4G37225,3,1,-1.48847544193268,7.00819873809814,#B03060,AT4G37225
AT5G02225,1,1,-1.5082014799118,8.99294853210449,#006400,AT5G02225
AT5G05235,5,1,-2.53785443305969,6.68561840057373,#FFD700,AT5G05235
AT5G06475,5,1,-1.2892644405365,6.02406454086304,#FFD700,AT5G06475
AT5G07725,4,1,-2.29211282730103,7.79280614852905,#FF4500,AT5G07725
AT5G23155,1,1,-1.45370316505432,7.995924949646,#006400,AT5G23155
B3H4R4,1,1,-1.74073481559753,8.74899482727051,#006400,B3H4R4
B3H5Q1,2,1,-2.60876774787903,6.38238000869751,#00008B,B3H5Q1
B3H617,4,1,-2.61700391769409,8.59177398681641,#FF4500,B3H617
B6ETT4,5,1,-2.17045140266418,7.1105751991272,#FFD700,B6ETT4
C0LGP2,3,1,-1.51702773571014,7.751633644104,#B03060,C0LGP2
F4HPH2,5,1,-2.38138294219971,5.76412534713745,#FFD700,F4HPH2
F4HPY8,2,1,-3.25899934768677,5.89354467391968,#00008B,F4HPY8
F4HQ05,2,1,-2.75788950920105,5.96555089950562,#00008B,F4HQ05
F4HV37,1,1,-1.83219492435455,9.08395099639893,#006400,F4HV37
F4HYV4,1,1,-1.46576166152954,9.02718257904053,#006400,F4HYV4
F4I177,3,1,-0.934870779514313,7.33285284042358,#B03060,F4I177
F4I1A6,3,1,-1.3054370880127,7.45007801055908,#B03060,F4I1A6
F4I5D5,1,1,-1.88039290904999,8.57102489471436,#006400,F4I5D5
F4IBG8,3,1,-0.718310058116913,6.58813095092773,#B03060,F4IBG8
F4IFN6,5,1,-2.280921459198,6.38951349258423,#FFD700,F4IFN6
F4JBE2,1,1,-1.98137986660004,8.3872652053833,#006400,F4JBE2
F4JH46,4,1,-3.05428862571716,8.86970996856689,#FF4500,F4JH46
F4JMQ0,2,1,-3.25130724906921,6.59226322174072,#00008B,F4JMQ0
F4JSU0,4,1,-2.23991727828979,8.39030742645264,#FF4500,F4JSU0
F4JTF6,5,1,-1.73623561859131,6.07120370864868,#FFD700,F4JTF6
F4JU69,3,1,-0.709551870822906,8.05409336090088,#B03060,F4JU69
F4JXD2,3,1,-0.389764487743378,7.76500940322876,#B03060,F4JXD2
F4JYT5,5,1,-2.32427525520325,6.66607284545898,#FFD700,F4JYT5
F4JZB9,5,1,-1.66891586780548,5.94406032562256,#FFD700,F4JZB9
F4JZS0,2,1,-3.2145562171936,6.32751893997192,#00008B,F4JZS0
F4K2L4,1,1,-1.10352349281311,8.90571594238281,#006400,F4K2L4
F4KFK3,5,1,-2.21149158477783,6.84755992889404,#FFD700,F4KFK3
F4KG50,5,1,-2.47054243087769,6.13788175582886,#FFD700,F4KG50
F4KIX1,2,1,-3.22698640823364,6.59487390518188,#00008B,F4KIX1
O04089,1,1,-1.54870963096619,8.72284412384033,#006400,O04089
O22778,1,1,-1.91364479064941,8.76239109039307,#006400,O22778
O23077,5,1,-2.39078307151794,6.41334867477417,#FFD700,O23077
O23180,4,1,-3.29857063293457,7.4903769493103,#FF4500,O23180
O23369,4,1,-3.27786445617676,8.60611629486084,#FF4500,O23369
O23401,4,1,-2.57861518859863,7.23559617996216,#FF4500,O23401
O48843,3,1,-1.35685217380524,6.79234075546265,#B03060,O48843
O49519,3,1,-2.01732134819031,7.42515087127686,#B03060,O49519
O49722,4,1,-3.71358156204224,7.58636093139648,#FF4500,O49722
O64492,3,1,-1.64215397834778,7.45148420333862,#B03060,O64492
O64627,1,1,-1.71604716777802,8.41251277923584,#006400,O64627
O64820,5,1,-2.43424582481384,7.19059038162231,#FFD700,O64820
O64857,4,1,-2.6975417137146,8.96826839447021,#FF4500,O64857
O65457,1,1,-1.89838600158691,9.16497898101807,#006400,O65457
O81025,4,1,-3.55855321884155,8.17610740661621,#FF4500,O81025
O81301,4,1,-2.11870265007019,7.67941761016846,#FF4500,O81301
O81346,3,1,-1.51722240447998,7.00730848312378,#B03060,O81346
O81755,1,1,-1.17825496196747,8.16902351379395,#006400,O81755
O81815,2,1,-3.06097888946533,7.1948938369751,#00008B,O81815
O81913,5,1,-1.91643404960632,6.97234392166138,#FFD700,O81913
O82225,5,1,-2.02188348770142,7.13554334640503,#FFD700,O82225
P0C042,2,1,-3.52447819709778,6.11153697967529,#00008B,P0C042
P0C5K5,2,1,-3.49157047271729,7.35569715499878,#00008B,P0C5K5
P0CH01,5,1,-2.08511805534363,6.74831008911133,#FFD700,P0CH01
P48007,4,1,-2.19489765167236,7.86203241348267,#FF4500,P48007
P48421,4,1,-2.54305052757263,7.68480682373047,#FF4500,P48421
P82794,1,1,-1.78136873245239,7.98209476470947,#006400,P82794
P92532_1,2,1,-3.20772695541382,7.2657675743103,#00008B,P92532_1
P92995,5,1,-1.99921977519989,6.90272426605225,#FFD700,P92995
P93277,1,1,-1.48935222625732,8.52822780609131,#006400,P93277
P93292,2,1,-3.03160572052002,7.01279258728027,#00008B,P93292
Q0IGM7,2,1,-2.89868354797363,5.56577730178833,#00008B,Q0IGM7
Q0PGJ6,5,1,-2.13971996307373,6.61899518966675,#FFD700,Q0PGJ6
Q0WSK8,4,1,-3.09227561950684,7.84686660766602,#FF4500,Q0WSK8
Q1G324,3,1,-1.70369064807892,7.68421792984009,#B03060,Q1G324
Q1G3I2,1,1,-1.45609021186829,8.13232612609863,#006400,Q1G3I2
Q1G3X9,1,1,-2.13244199752808,8.35771369934082,#006400,Q1G3X9
Q1PEV9,5,1,-2.55656814575195,6.78364133834839,#FFD700,Q1PEV9
Q2V2Q8,1,1,-0.850477635860443,8.48468589782715,#006400,Q2V2Q8
Q38838,3,1,-1.13658344745636,7.02041339874268,#B03060,Q38838
Q39034,4,1,-2.65558528900146,9.15575981140137,#FF4500,Q39034
Q39112,4,1,-2.80597066879272,7.48005199432373,#FF4500,Q39112
Q3E6X9,2,1,-2.89584064483643,5.89971923828125,#00008B,Q3E6X9
Q3E7K4,2,1,-3.21366858482361,6.31193590164185,#00008B,Q3E7K4
Q3E7S2,5,1,-2.2386212348938,6.3078088760376,#FFD700,Q3E7S2
Q3E8R5,1,1,-1.03641545772552,8.79695320129395,#006400,Q3E8R5
Q3EB64,4,1,-2.57412338256836,7.51481866836548,#FF4500,Q3EB64
Q3EBD7,1,1,-0.512242078781128,8.60062599182129,#006400,Q3EBD7
Q3EBW2,5,1,-1.59486925601959,5.85324764251709,#FFD700,Q3EBW2
Q3ECH2,1,1,-2.13128757476807,8.99356842041016,#006400,Q3ECH2
Q3EDG6,5,1,-1.88203680515289,6.09639835357666,#FFD700,Q3EDG6
Q42431,1,1,-1.13303446769714,8.70384216308594,#006400,Q42431
Q45GK4,1,1,-0.951223015785217,8.39858436584473,#006400,Q45GK4
Q4V3D6,2,1,-3.83593416213989,6.44411659240723,#00008B,Q4V3D6
Q56YG6,2,1,-4.03876638412476,6.89015007019043,#00008B,Q56YG6
Q56YI8,2,1,-3.07421064376831,6.4990930557251,#00008B,Q56YI8
Q5E930,3,1,-1.34685456752777,7.86692476272583,#B03060,Q5E930
Q5PP62,5,1,-1.75601255893707,6.42126703262329,#FFD700,Q5PP62
Q5XV21,5,1,-1.69250762462616,6.90962886810303,#FFD700,Q5XV21
Q67Y55,1,1,-1.28461873531342,8.05264186859131,#006400,Q67Y55
Q6DSS2,2,1,-3.41277718544006,6.99619722366333,#00008B,Q6DSS2
Q6ICW9,4,1,-3.52463984489441,8.44911956787109,#FF4500,Q6ICW9
Q6NLH4,3,1,-1.42578101158142,7.74533939361572,#B03060,Q6NLH4
Q6NNI3,3,1,-1.5351687669754,7.21192693710327,#B03060,Q6NNI3
Q7PC84,3,1,-1.85170435905457,7.24423503875732,#B03060,Q7PC84
Q7Y232,2,1,-2.9853572845459,6.191565990448,#00008B,Q7Y232
Q84JC2,4,1,-2.48243165016174,8.8923454284668,#FF4500,Q84JC2
Q84JK2,4,1,-2.82196998596191,7.40749025344849,#FF4500,Q84JK2
Q84TI7,4,1,-2.81309986114502,7.98037958145142,#FF4500,Q84TI7
Q84UV0,2,1,-3.08370161056519,5.50429916381836,#00008B,Q84UV0
Q84WJ6,5,1,-1.80011975765228,6.8767237663269,#FFD700,Q84WJ6
Q8GW96,2,1,-3.54947113990784,7.16178941726685,#00008B,Q8GW96
Q8GWF1,2,1,-2.69260406494141,6.5606164932251,#00008B,Q8GWF1
Q8GWF4,2,1,-3.36874604225159,6.34664726257324,#00008B,Q8GWF4
Q8GX37,1,1,-0.850542843341827,8.85800647735596,#006400,Q8GX37
Q8GXE6,5,1,-2.24632906913757,6.45558309555054,#FFD700,Q8GXE6
Q8L616,5,1,-2.49908018112183,6.59669542312622,#FFD700,Q8L616
Q8L7D5,2,1,-2.88801765441895,6.08425521850586,#00008B,Q8L7D5
Q8LAH7,5,1,-1.64018332958221,6.77897500991821,#FFD700,Q8LAH7
Q8LCC1,2,1,-3.35387778282166,6.9317569732666,#00008B,Q8LCC1
Q8RWE5,1,1,-1.36049032211304,8.56381034851074,#006400,Q8RWE5
Q8RXC3,3,1,-1.56448519229889,7.34113502502441,#B03060,Q8RXC3
Q8S8N1,5,1,-2.1523962020874,7.29691600799561,#FFD700,Q8S8N1
Q8VZE9,4,1,-3.32484722137451,7.65844917297363,#FF4500,Q8VZE9
Q8VZK8,1,1,-0.740336239337921,8.742262840271,#006400,Q8VZK8
Q8W1E3,3,1,-1.5340062379837,7.25042676925659,#B03060,Q8W1E3
Q93V43,4,1,-2.46921753883362,7.85311031341553,#FF4500,Q93V43
Q93WK6,1,1,-1.51936447620392,8.75868320465088,#006400,Q93WK6
Q93WT0,4,1,-3.56173968315125,7.50123310089111,#FF4500,Q93WT0
Q93WU8,2,1,-2.68272042274475,6.41843128204346,#00008B,Q93WU8
Q93WU9,2,1,-2.66760683059692,7.03363466262817,#00008B,Q93WU9
Q940Z5,5,1,-1.749103307724,6.49873447418213,#FFD700,Q940Z5
Q944S3,1,1,-2.20081520080566,8.58700847625732,#006400,Q944S3
Q949R3,4,1,-2.44630861282349,8.11468410491943,#FF4500,Q949R3
Q94CK4,2,1,-3.32372736930847,6.31527376174927,#00008B,Q94CK4
Q94ID3,4,1,-2.04344868659973,7.74037218093872,#FF4500,Q94ID3
Q94JR6,4,1,-3.16287231445313,8.86688995361328,#FF4500,Q94JR6
Q96305,4,1,-2.66627621650696,7.75606775283813,#FF4500,Q96305
Q9C5T4,5,1,-1.87368726730347,7.12644910812378,#FFD700,Q9C5T4
Q9C615,1,1,-1.84511148929596,7.91235542297363,#006400,Q9C615
Q9C6B9,4,1,-2.95014667510986,7.91318464279175,#FF4500,Q9C6B9
Q9C6C8,1,1,-1.51767778396606,8.2096700668335,#006400,Q9C6C8
Q9C6H5,2,1,-3.69152164459229,5.86572360992432,#00008B,Q9C6H5
Q9C7T1,3,1,-1.00662589073181,6.60501670837402,#B03060,Q9C7T1
Q9C8J4,2,1,-2.88836026191711,6.2278995513916,#00008B,Q9C8J4
Q9C8J6,4,1,-2.28952121734619,7.99328422546387,#FF4500,Q9C8J6
Q9C8Y5,1,1,-1.69196355342865,8.24978733062744,#006400,Q9C8Y5
Q9CAC7,1,1,-1.27085673809052,8.38783168792725,#006400,Q9CAC7
Q9CAE7,2,1,-3.25894403457642,5.96096134185791,#00008B,Q9CAE7
Q9FG67,1,1,-0.903388381004333,8.1731014251709,#006400,Q9FG67
Q9FHE8,1,1,-0.551300525665283,8.48111152648926,#006400,Q9FHE8
Q9FI37,5,1,-2.12046480178833,5.75299453735352,#FFD700,Q9FI37
Q9FI39,3,1,-0.400963664054871,7.24595260620117,#B03060,Q9FI39
Q9FIC8,4,1,-2.62747979164124,8.47110748291016,#FF4500,Q9FIC8
Q9FIG8,1,1,-1.10329961776733,8.5180492401123,#006400,Q9FIG8
Q9FIY6,4,1,-2.99038696289063,8.19399452209473,#FF4500,Q9FIY6
Q9FJ49,3,1,-1.04120361804962,7.53633880615234,#B03060,Q9FJ49
Q9FK75,1,1,-2.20761632919312,9.19649600982666,#006400,Q9FK75
Q9FKK9,5,1,-2.3475067615509,5.54011249542236,#FFD700,Q9FKK9
Q9FKP1,2,1,-2.84841418266296,6.89206457138062,#00008B,Q9FKP1
Q9FKQ5,3,1,-1.04577457904816,7.52891302108765,#B03060,Q9FKQ5
Q9FKT9,3,1,-1.87282252311707,7.34253883361816,#B03060,Q9FKT9
Q9FKW9,3,1,-0.783897459506989,6.98129844665527,#B03060,Q9FKW9
Q9FL35,3,1,-1.0704357624054,7.34940195083618,#B03060,Q9FL35
Q9FLE2,3,1,-1.24667835235596,7.32088327407837,#B03060,Q9FLE2
Q9FLH9,3,1,-1.21075665950775,7.88839054107666,#B03060,Q9FLH9
Q9FLI4,1,1,-1.08058905601501,9.18624591827393,#006400,Q9FLI4
Q9FLK4,3,1,-1.31642055511475,7.13332080841064,#B03060,Q9FLK4
Q9FLT4,4,1,-3.24686932563782,7.77834606170654,#FF4500,Q9FLT4
Q9FM36,4,1,-3.84020709991455,7.87985372543335,#FF4500,Q9FM36
Q9FML4,3,1,-0.866806030273438,7.9277400970459,#B03060,Q9FML4
Q9FMS7,5,1,-2.49281620979309,7.02868032455444,#FFD700,Q9FMS7
Q9FNK0,2,1,-3.65688490867615,6.33139085769653,#00008B,Q9FNK0
Q9FPR6,1,1,-2.12407636642456,8.92672920227051,#006400,Q9FPR6
Q9FT64,4,1,-3.04346418380737,8.34630680084229,#FF4500,Q9FT64
Q9FVI6,4,1,-2.23216843605042,8.05222702026367,#FF4500,Q9FVI6
Q9FWX8,3,1,-0.509497940540314,7.14252281188965,#B03060,Q9FWX8
Q9FY65,3,1,-1.18726420402527,6.59531450271606,#B03060,Q9FY65
Q9FYE0,2,1,-3.0990731716156,7.05787801742554,#00008B,Q9FYE0
Q9FYG6,4,1,-3.18710780143738,8.09643173217773,#FF4500,Q9FYG6
Q9FZE4,2,1,-2.78735637664795,6.30207443237305,#00008B,Q9FZE4
Q9LDE1,1,1,-1.37763440608978,8.25875854492188,#006400,Q9LDE1
Q9LDR8,3,1,-0.689947485923767,6.78454732894897,#B03060,Q9LDR8
Q9LE06,5,1,-1.56353712081909,6.80206727981567,#FFD700,Q9LE06
Q9LE44,3,1,-1.75240051746368,7.56439828872681,#B03060,Q9LE44
Q9LE79,1,1,-1.59707427024841,8.07386875152588,#006400,Q9LE79
Q9LEZ7,5,1,-1.93896210193634,6.34591722488403,#FFD700,Q9LEZ7
Q9LFR3,4,1,-2.0890998840332,8.01682472229004,#FF4500,Q9LFR3
Q9LHA1,5,1,-2.06201767921448,6.97204875946045,#FFD700,Q9LHA1
Q9LIJ0,5,1,-1.99019265174866,6.1609058380127,#FFD700,Q9LIJ0
Q9LIM9,2,1,-3.84131693840027,6.65630292892456,#00008B,Q9LIM9
Q9LIQ1,2,1,-3.85606861114502,7.3529634475708,#00008B,Q9LIQ1
Q9LJF1,1,1,-1.27616667747498,9.3763484954834,#006400,Q9LJF1
Q9LM21,1,1,-1.70394945144653,8.13907623291016,#006400,Q9LM21
Q9LMC8,5,1,-2.47290372848511,6.87924480438232,#FFD700,Q9LMC8
Q9LNS5,5,1,-1.68133759498596,6.17324304580688,#FFD700,Q9LNS5
Q9LR44,5,1,-2.32485890388489,6.55187129974365,#FFD700,Q9LR44
Q9LRM4,3,1,-1.25606095790863,7.1863865852356,#B03060,Q9LRM4
Q9LRR2,3,1,-1.75786161422729,7.49422979354858,#B03060,Q9LRR2
Q9LRW9,2,1,-2.65217757225037,6.46174335479736,#00008B,Q9LRW9
Q9LS06,2,1,-3.58802223205566,5.93835926055908,#00008B,Q9LS06
Q9LS86,2,1,-3.75804138183594,7.24157857894897,#00008B,Q9LS86
Q9LSI7,5,1,-2.02647137641907,6.55074691772461,#FFD700,Q9LSI7
Q9LSJ5,2,1,-3.14102411270142,6.37660980224609,#00008B,Q9LSJ5
Q9LSS8,5,1,-1.93163645267487,6.01448488235474,#FFD700,Q9LSS8
Q9LTH9,4,1,-2.62033176422119,8.59931945800781,#FF4500,Q9LTH9
Q9LTP5,1,1,-2.13790130615234,8.57514667510986,#006400,Q9LTP5
Q9LV63,5,1,-2.5746636390686,6.17289257049561,#FFD700,Q9LV63
Q9LX16,1,1,-1.32771182060242,9.10327625274658,#006400,Q9LX16
Q9LXE7,1,1,-1.15160155296326,8.66205215454102,#006400,Q9LXE7
Q9LY00,4,1,-3.69391369819641,7.94852161407471,#FF4500,Q9LY00
Q9LY61,5,1,-2.30192494392395,7.0736141204834,#FFD700,Q9LY61
Q9LY72,4,1,-2.77246165275574,8.70654201507568,#FF4500,Q9LY72
Q9LY94,3,1,-0.875851035118103,7.71482181549072,#B03060,Q9LY94
Q9LYJ3,2,1,-3.00055003166199,5.76538324356079,#00008B,Q9LYJ3
Q9LYP8,4,1,-3.0918242931366,7.50582122802734,#FF4500,Q9LYP8
Q9LZV9,4,1,-2.68682146072388,7.96781301498413,#FF4500,Q9LZV9
Q9M080,3,1,-1.15390837192535,6.8934965133667,#B03060,Q9M080
Q9M0D8,3,1,-1.84269762039185,7.72759437561035,#B03060,Q9M0D8
Q9M0S8,1,1,-1.0421314239502,9.23792552947998,#006400,Q9M0S8
Q9M0Z9,5,1,-1.55862653255463,6.31221437454224,#FFD700,Q9M0Z9
Q9M1B9,3,1,-0.544707536697388,7.03269481658936,#B03060,Q9M1B9
Q9M1F7,2,1,-3.74253463745117,6.40814638137817,#00008B,Q9M1F7
Q9M1I2,3,1,-1.30141723155975,7.54900979995728,#B03060,Q9M1I2
Q9M2C3,4,1,-2.73082327842712,7.31661224365234,#FF4500,Q9M2C3
Q9M2Q2,3,1,-1.05172574520111,7.07458448410034,#B03060,Q9M2Q2
Q9M2Y9,3,1,-1.69610011577606,7.10361671447754,#B03060,Q9M2Y9
Q9M2Z8,4,1,-2.90480661392212,7.46083116531372,#FF4500,Q9M2Z8
Q9M880,3,1,-0.584131360054016,7.95313215255737,#B03060,Q9M880
Q9M886,3,1,-1.86988008022308,7.4913330078125,#B03060,Q9M886
Q9MAQ3,5,1,-1.76383972167969,6.64827299118042,#FFD700,Q9MAQ3
Q9S702,5,1,-1.19752240180969,6.09827136993408,#FFD700,Q9S702
Q9S728,3,1,-0.879881203174591,6.78481245040894,#B03060,Q9S728
Q9S7I2,4,1,-2.71884799003601,7.42956495285034,#FF4500,Q9S7I2
Q9S7T5,4,1,-3.23946523666382,8.6909122467041,#FF4500,Q9S7T5
Q9S7T7,5,1,-1.09112548828125,6.28005027770996,#FFD700,Q9S7T7
Q9S7T9,4,1,-3.1173939704895,7.95506191253662,#FF4500,Q9S7T9
Q9S9T4,2,1,-3.1343457698822,6.76321649551392,#00008B,Q9S9T4
Q9SFV6,1,1,-1.99660873413086,8.09512901306152,#006400,Q9SFV6
Q9SG92,3,1,-0.868620455265045,7.11895418167114,#B03060,Q9SG92
Q9SGP6,2,1,-3.39368152618408,7.34318161010742,#00008B,Q9SGP6
Q9SHC2,4,1,-2.22710680961609,7.37588882446289,#FF4500,Q9SHC2
Q9SHH7,2,1,-3.82017254829407,6.12764883041382,#00008B,Q9SHH7
Q9SHT4,2,1,-3.28011059761047,6.21636056900024,#00008B,Q9SHT4
Q9SI38,3,1,-0.960723519325256,7.52816581726074,#B03060,Q9SI38
Q9SIE6,1,1,-2.36049127578735,9.32775688171387,#006400,Q9SIE6
Q9SJY8,5,1,-1.81115353107452,5.66565322875977,#FFD700,Q9SJY8
Q9SKB7,4,1,-2.95068907737732,7.832435131073,#FF4500,Q9SKB7
Q9SMP6,4,1,-2.49701881408691,8.16833209991455,#FF4500,Q9SMP6
Q9SMU8,3,1,-1.06662750244141,6.48959159851074,#B03060,Q9SMU8
Q9SRY5,1,1,-1.59053289890289,9.28068256378174,#006400,Q9SRY5
Q9SS00,1,1,-1.32386231422424,9.31992626190186,#006400,Q9SS00
Q9STH4,5,1,-2.23891735076904,6.95247220993042,#FFD700,Q9STH4
Q9STJ7,5,1,-2.10079407691956,6.33119964599609,#FFD700,Q9STJ7
Q9SU32,4,1,-3.16351699829102,8.43525791168213,#FF4500,Q9SU32
Q9SX48,5,1,-1.44711446762085,6.40462350845337,#FFD700,Q9SX48
Q9SXA7,4,1,-2.90563440322876,7.78593349456787,#FF4500,Q9SXA7
Q9SYF3,4,1,-2.48442101478577,8.17681694030762,#FF4500,Q9SYF3
Q9SZD2,1,1,-0.858828008174896,8.1788387298584,#006400,Q9SZD2
Q9SZW4,3,1,-0.892212748527527,6.53732061386108,#B03060,Q9SZW4
Q9T073,4,1,-2.87136673927307,9.19910144805908,#FF4500,Q9T073
Q9T0K2,4,1,-2.5145697593689,9.00921058654785,#FF4500,Q9T0K2
Q9XIQ2,5,1,-2.48261117935181,7.13455200195313,#FFD700,Q9XIQ2
Q9ZQP6,1,1,-1.56241130828857,8.30198669433594,#006400,Q9ZQP6
Q9ZQR3,4,1,-2.11044883728027,7.97778558731079,#FF4500,Q9ZQR3
Q9ZU70,4,1,-2.43561959266663,7.6756157875061,#FF4500,Q9ZU70
Q9ZV34,1,1,-1.08541488647461,8.29778575897217,#006400,Q9ZV34
Q9ZVB5,3,1,-1.08754646778107,7.90661239624023,#B03060,Q9ZVB5
Q9ZVX2,5,1,-1.25032317638397,6.51739311218262,#FFD700,Q9ZVX2
Q9ZW27,4,1,-2.81175518035889,7.80298900604248,#FF4500,Q9ZW27
Q9ZWB4,3,1,-0.821483373641968,7.88352108001709,#B03060,Q9ZWB4
