ID,Cluster,#1,#2,#3,#4,#5,#6,#7,#8,#9
Q9FWX8,1,0.194345508982009,0.175883251136098,0.185996379115493,0.182727420621906,0.0302482662966772,0.0300858452253494,0.0301364902209382,0.0301102108401964,0.140466627561332
AT1G04223,1,0.204010364556931,0.194456990422625,0.199193087985158,0.190042837216677,0.0137515754993922,0.0136052063596504,0.0137637939610244,0.0136759176995488,0.157500226298993
Q9ZWB4,1,0.170916337466592,0.16529137077797,0.168833050776954,0.170045940218505,0.0428081428316313,0.0427158155610139,0.0426794641592205,0.0426956539833092,0.154014224224803
A0A1P8AUV9,1,0.204862284849186,0.188055153760473,0.196382710791217,0.18980550345163,0.0172155225504332,0.0170775427626117,0.0172056473884006,0.0171418594814199,0.152253774964629
Q9LE79,1,0.170916337466592,0.16529137077797,0.168833050776954,0.170045940218505,0.0428081428316313,0.042715815561014,0.0426794641592205,0.0426956539833093,0.154014224224803
AT1G05017,1,0.185143866152978,0.173369127669421,0.18065823817129,0.180390809338831,0.0334155083977408,0.0333276500950595,0.0332148600200223,0.033298498247487,0.14718144190717
Q9LM21,1,0.189971138495754,0.175945104382045,0.183295396015023,0.178337119153944,0.0318983951449463,0.031829312294116,0.031744675072941,0.0318252984341959,0.145153561007034
AT1G06153,1,0.185481683260078,0.180819815529137,0.183710249407365,0.179892628254902,0.0278507426963367,0.0273598471340058,0.0278952525584453,0.0276422679329309,0.1593475132268
Q2V2Q8,1,0.196864121314857,0.19066720925044,0.195314508465466,0.196107375570369,0.0131391338850625,0.013049763991814,0.013114497013393,0.0130815807920129,0.168661809716586
AT1G54355,1,0.170916337466592,0.16529137077797,0.168833050776954,0.170045940218505,0.0428081428316313,0.042715815561014,0.0426794641592205,0.0426956539833093,0.154014224224803
Q5E930,1,0.217417857643205,0.193349928139896,0.206223403592584,0.195979722585796,0.0119932521600831,0.0118902165728291,0.0119874009606284,0.011941489776385,0.139216728568593
A0A1P8APL7,1,0.191124847594612,0.176671378130955,0.184957160400374,0.185868295920871,0.027476252175284,0.0273894409945535,0.0273714813940359,0.0273743604741405,0.151766782915174
Q9C8Y5,1,0.187346775515692,0.18484464854561,0.186773900235877,0.183935212412916,0.0230418513610182,0.02267615495622,0.0231543248061727,0.0228639325690272,0.165363199597466
AT1G67105,1,0.192579344273396,0.179541507634001,0.185447501221918,0.176597182039721,0.0299883602302343,0.0294323719618913,0.0301345185506825,0.0297490585930491,0.146530155495106
Q94ID3,1,0.185927810133486,0.174786588209912,0.179775981988551,0.175691895584173,0.0326263687266247,0.0322361199972796,0.0326066881674534,0.0324207422448561,0.153927804947665
AT1G74205,1,0.19039418369301,0.18981850093667,0.189827242386226,0.182888337405232,0.0195710505197271,0.0192637694930513,0.0196098671261535,0.0194398712806559,0.169187177159275
F4K2L4,1,0.176614228441708,0.16764121511378,0.17284190055421,0.171461359455084,0.0411085033942627,0.0409399844889677,0.0410061672233906,0.0409685903014753,0.147418051027122
Q949R3,1,0.176358859145945,0.163212733345038,0.17074552744664,0.169973936104461,0.0455314927342892,0.0454142616014488,0.0453073633708691,0.0453674080531537,0.138088418198155
A0A1P8BF78,1,0.171611607954563,0.170168218029196,0.170267665049245,0.167160052300527,0.0394761102176209,0.0387799186834874,0.0396405925338452,0.0392532420389433,0.163642593192573
Q9FLE2,1,0.180093179316048,0.176638475840726,0.179765194228807,0.179972431367652,0.0310614853742548,0.0307956834390575,0.0310025709143536,0.0308992617077735,0.159771717811329
Q9FHE8,1,0.18357153567274,0.177518257205456,0.179783644193984,0.174192197703128,0.0312394008835709,0.0311262768826391,0.0312057978422869,0.0311949622878924,0.160167927328302
Q9FK75,1,0.200938896163078,0.182768403826961,0.191898633200882,0.183251322214016,0.0250139394970917,0.0246367212620256,0.0250325083539966,0.0248355588716311,0.141624016610319
Q8GX37,1,0.191658371952075,0.187850318835168,0.188425057787082,0.178067165391949,0.0227382780861292,0.022283826459503,0.0228439861325402,0.0225725881823635,0.163560407173191
F4JXD2,1,0.181885263376275,0.168374732050556,0.17638111223765,0.175253952782495,0.0396688507714261,0.0393429514783974,0.0395625480482969,0.0394453873437475,0.140085201911157
Q8W1E3,1,0.195412979291846,0.186231801111824,0.191576488552876,0.185260951274795,0.0222832298173373,0.0220791956939748,0.0222473984901287,0.0221800019557136,0.152727953811505
Q9FML4,1,0.181059083791704,0.179414676150889,0.180155719747918,0.176945270322533,0.0290314008700463,0.0285568285616917,0.0290684080521536,0.0288348620461493,0.166933750456914
A0A178UEA7,1,0.170916337466592,0.16529137077797,0.168833050776954,0.170045940218505,0.0428081428316313,0.042715815561014,0.0426794641592205,0.0426956539833093,0.154014224224803
Q9FKQ5,1,0.193355332874458,0.176357944938573,0.185916195664748,0.182500439393327,0.0302948504738577,0.0300392063053328,0.0302291916930891,0.0301547820954285,0.141152056561186
Q9FKW9,1,0.182241629568416,0.178755542502033,0.179842971359799,0.17494127465085,0.0302320002957327,0.0296096572888633,0.0304456853999607,0.0299796420283127,0.163951596906033
Q3EBD7,1,0.185858879965163,0.173512739202941,0.180638820345636,0.181973815789939,0.0314352637533902,0.031384059661121,0.031287946926913,0.0313419163349169,0.15256655801998
Q96305,1,0.184778736285857,0.177762722954356,0.18021477714073,0.172760864307971,0.0321232927314076,0.0314062969826678,0.0323611889554858,0.0318417331677055,0.156750387473819
B3H617,1,0.176923412332215,0.165408983249705,0.171535986848838,0.171351504306677,0.0421046052509249,0.0421312794101675,0.0418133709535036,0.041986599012775,0.146744258635195
Q9LRR2,1,0.182422936300842,0.168527192219938,0.176495867664461,0.174633134975831,0.039523202017975,0.0395950617626264,0.0392952946843665,0.0394503599665241,0.140056950407437
AT3G03595,1,0.176614228441708,0.16764121511378,0.17284190055421,0.171461359455084,0.0411085033942627,0.0409399844889677,0.0410061672233906,0.0409685903014753,0.147418051027122
F4JBE2,1,0.198834476996837,0.180843220890954,0.190892184352632,0.185305000271739,0.0260584602493532,0.0257505271702601,0.0260462382481265,0.0258971575790707,0.140372734241027
A0MDR2,1,0.197199260402498,0.184419262293258,0.193146787083768,0.193716805499783,0.01986863352299,0.0197851791793421,0.0198132884477057,0.019796475327502,0.152254308243154
Q9SMP6,1,0.189647109220129,0.18236253529803,0.185269295024355,0.177723357434125,0.0267870760927416,0.0263122297591103,0.0269495115497776,0.0265821573645314,0.1583667282572
AT3G08070,1,0.168429062030135,0.162828598636355,0.166469776054512,0.167005124349725,0.0465677030370866,0.0464736830377207,0.0463470002510721,0.0463962378289773,0.149482814774416
AT3G08245,1,0.184222595420178,0.173146503196513,0.178584441950389,0.178160443684025,0.0323999106437901,0.0322412018771241,0.0322541783220751,0.0322644146271224,0.156726310278782
Q9FPR6,1,0.173455335078247,0.171468603256194,0.172313859981697,0.172137775717056,0.0357585250198002,0.0354474175176219,0.0357214699979224,0.0356023966265257,0.168094616804936
AT2G04335,1,0.176614228441708,0.16764121511378,0.17284190055421,0.171461359455084,0.0411085033942627,0.0409399844889677,0.0410061672233906,0.0409685903014753,0.147418051027122
AT2G04465,1,0.179669552500948,0.171233529570989,0.17595218993161,0.177220038886853,0.0345330145856111,0.034683763327806,0.0342847059253564,0.0345255948891534,0.157897610381674
A0A1P8B096,1,0.182772757945821,0.181249527395862,0.180560961044339,0.176983196337992,0.025030451706759,0.0246517559473604,0.0250787058785627,0.0248618021595847,0.17881084158372
O48843,1,0.177797861531236,0.173727068011429,0.174740925668158,0.170612940675979,0.0348802656163439,0.0346998292334833,0.0349492043864384,0.0347654462193949,0.163826458657538
O22778,1,0.190316447413093,0.18091407578369,0.186196376202589,0.180327130311167,0.0282352751674724,0.0278114394478528,0.0282490059204141,0.0280500796174465,0.149900170136275
Q9S728,1,0.211963492215843,0.194824788781253,0.203730089089568,0.19165043214106,0.0133702019851111,0.0131777389876693,0.0133927063366985,0.0132807178333537,0.144609832629443
AT2G09945,1,0.179602418110717,0.166343544311163,0.174284910685735,0.173784281815424,0.0417501385933828,0.0418088389327847,0.0414663198957514,0.0416575395019692,0.139302008153073
B3H4R4,1,0.176614228441708,0.16764121511378,0.17284190055421,0.171461359455084,0.0411085033942627,0.0409399844889677,0.0410061672233906,0.0409685903014753,0.147418051027122
F4JH46,1,0.188968916455646,0.18393069677225,0.187222666359231,0.185860479236917,0.0221071058336914,0.0220252764956538,0.02205127802559,0.0220197099696299,0.165813870851391
A0A178V3G1,1,0.18583861844008,0.178260453226863,0.183563962147002,0.183382639966128,0.0284048678546578,0.0284444385138286,0.0282589559121069,0.0283757973770891,0.155470266562245
AT4G04223,1,0.179441171035089,0.172250646272317,0.175443932233546,0.172953545607948,0.0353520023795655,0.0355826540790255,0.0351639294959383,0.0353729515405085,0.158439167356062
A0A178UZY4,1,0.170916337466592,0.16529137077797,0.168833050776954,0.170045940218505,0.0428081428316313,0.042715815561014,0.0426794641592205,0.0426956539833093,0.154014224224803
Q9T0K2,1,0.19388166560612,0.181271077137452,0.186334045895461,0.178110369709635,0.0268010556644746,0.0264096950076993,0.0268454705203602,0.0266373175597201,0.153709302899077
Q8RXC3,1,0.187899237191595,0.181022790163466,0.185347336758901,0.184395406292597,0.0250069172948344,0.0250033174853772,0.0248582926341622,0.0249648239791675,0.1615018781999
Q93V43,1,0.189312473665894,0.188014999960754,0.188269155780561,0.181226568227461,0.0216145492283779,0.0213008819179253,0.0216834967348533,0.0214653321130824,0.167112542371092
Q84JC2,1,0.186179345823531,0.171064592763612,0.179827274628729,0.179097642323116,0.035589946145165,0.0354065408780915,0.0354836504061125,0.0354246457789613,0.141926361252681
Q9FVI6,1,0.166150663398479,0.158596036565401,0.162961664173242,0.164300056483604,0.0504830527117917,0.050471022620995,0.050202855897244,0.0503332777276509,0.146501370421592
F4JU69,1,0.194402247648213,0.178966870200873,0.187738984003568,0.185693315854002,0.0266596860431006,0.0263170813852414,0.0266442182344515,0.0264881144590494,0.147089482171501
Q9SZD2,1,0.194319314094696,0.190567978748806,0.190820361431702,0.180534635677264,0.0189801323807274,0.0186419384019315,0.0190825660536701,0.0188452718733297,0.168207801337874
Q9M080,1,0.187776104213986,0.180773371601045,0.183534695645344,0.177909103654116,0.0273871669596984,0.0270348514584025,0.0274416530301153,0.0272441694254661,0.160898884011826
O81755,1,0.191607082364274,0.180876200936576,0.187730341416143,0.186326339370939,0.0252748451656793,0.0251862815327496,0.0252314206592035,0.0251794349118264,0.15258805364261
AT4G37225,1,0.190709383099916,0.184364078736279,0.187356226200244,0.179081492242461,0.0259390959923674,0.0255060971734306,0.0260273034252018,0.0257521772280587,0.155264145902042
F4JSU0,1,0.194900642655737,0.178202624416254,0.18795652322223,0.185627632360128,0.0276676328875765,0.0273532801793168,0.027651168350155,0.0274957311241133,0.143144764804489
Q9T073,1,0.190115155610373,0.180320835842014,0.184774162183439,0.183180348432688,0.0244299300760899,0.0240874760609024,0.0244311353354424,0.0242541014391347,0.164406855019917
AT4G09785,1,0.170916337466592,0.16529137077797,0.168833050776954,0.170045940218505,0.0428081428316313,0.042715815561014,0.0426794641592205,0.0426956539833093,0.154014224224803
O64492,1,0.181437103620112,0.186140799137843,0.182458003504836,0.175257887335715,0.0238849783243625,0.0233673546661179,0.0240109035107247,0.023692560356109,0.179750409544181
F4I177,1,0.192829934066145,0.193697165780631,0.193409199592655,0.186213606283266,0.0160783336769832,0.0158357181837909,0.0161415070130478,0.0159670619889038,0.169827473414577
Q9LFR3,1,0.175587237721992,0.178028362298871,0.175508746052693,0.169578795244817,0.0319750933203524,0.031409204469581,0.0321063623744649,0.0317878845391225,0.174018313978106
Q9S7T9,1,0.187063256151735,0.190154112343941,0.189656159317883,0.187176712241496,0.0180981662778913,0.0179109121508823,0.018117375941688,0.0180029729433413,0.173820332631142
AT5G23155,1,0.199743016031344,0.199768044992221,0.199185905723842,0.190458768636259,0.00922370054379058,0.00912936136256317,0.00923344226495781,0.00917776902729599,0.174079991417727
Q6NLH4,1,0.183270933913987,0.185973167183292,0.184758013776566,0.182220104467541,0.0219046882122991,0.0215608615665996,0.0219502978636361,0.0217365292219396,0.17662540379414
O64627,1,0.17730932927297,0.180320135103966,0.179370459402186,0.177708243855393,0.0284650024448586,0.0280700248642329,0.0285149262324598,0.028297166936588,0.171944711887346
Q9ZV34,1,0.182621501968558,0.185944625032592,0.182593614828842,0.174174324974662,0.0244470806181008,0.0239223216299594,0.0246164849203363,0.0242554622457401,0.177424583781209
Q84TI7,1,0.18096348894857,0.186782746214359,0.182266355191048,0.175100602618199,0.022779146058161,0.0223311081505043,0.0229449089098706,0.0226098556038639,0.184221788305424
Q42431,1,0.18007756045407,0.180029538377561,0.180215809077628,0.179977769835392,0.0260565675724546,0.0260853412883433,0.0260169190289991,0.0260369048962737,0.175503589469278
A0A1P8AU14,1,0.175779560363564,0.170610539096426,0.173945063030148,0.17768202741051,0.034302342446847,0.0342553206381319,0.0341433060433504,0.0341922824469575,0.165089558524066
AT1G06463,1,0.178121976884975,0.174258955986947,0.177477814727732,0.179686251945663,0.0320984709040188,0.0321791860739084,0.0319274032513404,0.0320805025912892,0.162169437634126
AT1G06963,1,0.165881709402333,0.168985854578329,0.16855088253583,0.172534931158029,0.0380727565371881,0.0380143562048868,0.0379238558099195,0.0379522375981356,0.17208341617535
F4HV37,1,0.169589122111555,0.170915934074476,0.171457971229665,0.174068327280164,0.0367351396757072,0.0366360687285672,0.0366421072542139,0.0366276498989974,0.167327679746655
AT1G07753,1,0.173977739688749,0.169624043490993,0.172234655468738,0.175266269786623,0.0357566743386583,0.0356996442171472,0.0355525603857872,0.0356429293744841,0.16624548324882
Q1G3X9,1,0.161052693798386,0.159104423374792,0.160411025237215,0.163269428007385,0.0491182427621564,0.0491109945703754,0.0488488009702708,0.0489652703906912,0.160119120888729
Q9SS00,1,0.162615412362929,0.162525995129823,0.163558854505954,0.168391584315534,0.044650547144752,0.0447075810272104,0.0443650953553192,0.0445190884360363,0.164665841722443
AT5G02225,1,0.169589122111555,0.170915934074476,0.171457971229665,0.174068327280164,0.0367351396757072,0.0366360687285672,0.0366421072542139,0.0366276498989974,0.167327679746655
Q9FIC8,1,0.165193927665522,0.161667743206081,0.164021749193922,0.16667889387882,0.0463172528398841,0.0462950566791231,0.0461062512391022,0.0461941312117187,0.157524994085828
Q9FLH9,1,0.172897019443998,0.169331769798593,0.171713393616982,0.172943014720747,0.0380078623005719,0.0379336939090367,0.0378345754281235,0.0378597318139679,0.16147893896798
Q9LDE1,1,0.174770124951497,0.174239054738746,0.174879098368581,0.176361814721969,0.0320750129988255,0.0318879379251098,0.0319322813261054,0.0319256468939383,0.171929028075227
Q9LJF1,1,0.169589122111555,0.170915934074476,0.171457971229665,0.174068327280164,0.0367351396757072,0.0366360687285672,0.0366421072542139,0.0366276498989974,0.167327679746655
AT3G06605,1,0.169589122111555,0.170915934074476,0.171457971229665,0.174068327280164,0.0367351396757072,0.0366360687285672,0.0366421072542139,0.0366276498989974,0.167327679746655
Q45GK4,1,0.169589122111555,0.170915934074476,0.171457971229665,0.174068327280164,0.0367351396757072,0.0366360687285672,0.0366421072542139,0.0366276498989974,0.167327679746655
AT2G04205,1,0.161052693798386,0.159104423374792,0.160411025237215,0.163269428007385,0.0491182427621564,0.0491109945703753,0.0488488009702708,0.0489652703906912,0.160119120888729
Q8VZK8,1,0.169589122111555,0.170915934074476,0.171457971229665,0.174068327280164,0.0367351396757072,0.0366360687285672,0.0366421072542139,0.0366276498989974,0.167327679746655
AT2G06995,1,0.182295146617909,0.176395686948514,0.18015267228471,0.18378365072188,0.027231838127298,0.0272035605246393,0.0271060518074682,0.0271653958735136,0.168665997094068
Q9SIE6,1,0.175367740557419,0.179630598831912,0.17903949891746,0.18455329043285,0.0247403728763463,0.024700217508497,0.0246515721329386,0.0246582282788866,0.182658480463689
AT2G08985,1,0.169589122111555,0.170915934074476,0.171457971229665,0.174068327280164,0.0367351396757072,0.0366360687285672,0.0366421072542139,0.0366276498989974,0.167327679746655
AT2G09455,1,0.179249951629283,0.17722907545875,0.179887240241703,0.183029064072406,0.0286029564335253,0.0286161267234766,0.0284769563385272,0.0285581984093584,0.166350430692971
O64857,1,0.185307657941786,0.185028016365822,0.186464961388157,0.189064722579466,0.0191805017586613,0.0190864377488557,0.0191624689456509,0.0191207302920702,0.177584502979531
A0A1P8B386,1,0.169589122111555,0.170915934074476,0.171457971229665,0.174068327280164,0.0367351396757072,0.0366360687285672,0.0366421072542139,0.0366276498989974,0.167327679746655
Q9M0S8,1,0.183761675265251,0.183919914807481,0.186148335974862,0.192114269313643,0.0195721893155384,0.0195089559425353,0.0195081837559808,0.0195014990975683,0.175964976527139
P93277,1,0.161052693798386,0.159104423374792,0.160411025237215,0.163269428007385,0.0491182427621564,0.0491109945703753,0.0488488009702708,0.0489652703906912,0.160119120888729
Q93WK6,1,0.174624017256361,0.179138766149409,0.175160365569355,0.168807615870131,0.0307037176349605,0.0301670881038299,0.0308620229063651,0.0305216483490574,0.18001475816053
F4I1A6,1,0.164986691871526,0.171428741117692,0.167156047745147,0.166361343672562,0.0360363702939472,0.0352528473616028,0.0363013271905406,0.0357466611949431,0.186729969552039
Q944S3,1,0.16249915430156,0.167218892723476,0.165027178175099,0.169344950857091,0.0380381734864353,0.037958360057729,0.0379257039757804,0.0379280491856786,0.184059537237151
Q9SYF3,1,0.180304039413215,0.185072189750681,0.181957206178482,0.179373311256389,0.0217136187138523,0.0216574901483904,0.0216776988137116,0.0216718719494464,0.186572573775832
F4HYV4,1,0.16249915430156,0.167218892723476,0.165027178175099,0.169344950857091,0.0380381734864353,0.037958360057729,0.0379257039757804,0.0379280491856786,0.184059537237151
Q7PC84,1,0.170762680584501,0.180039571084498,0.173920550199917,0.169595189193891,0.0288788224776984,0.0282535638326781,0.0291330877747783,0.0286313498681116,0.190785184983926
Q3ECH2,1,0.169215289628324,0.175460997937872,0.173187294395953,0.178514323636592,0.028865717592558,0.0287507158251114,0.0287774822808461,0.0287320996601518,0.188496079042593
AT1G09523,1,0.16249915430156,0.167218892723476,0.165027178175099,0.169344950857091,0.0380381734864353,0.037958360057729,0.0379257039757804,0.0379280491856786,0.184059537237151
Q9S7T5,1,0.178175040393356,0.177191207393412,0.176478285985937,0.17593291272412,0.0275971674162199,0.0275357654231832,0.0275268144463968,0.0275224838136272,0.182040322403747
Q9LX16,1,0.164838227826654,0.168304670868566,0.167410196676275,0.173623309538912,0.0363277770091093,0.0363231236585203,0.0361388811254427,0.0362151640386414,0.180818649257879
Q9FT64,1,0.173388103289962,0.179934516871439,0.175714120657772,0.172476176603048,0.0284987933057825,0.0282198948008915,0.0286282707261576,0.0283795636919239,0.184760560053024
Q9LY94,1,0.169650122542741,0.172738586624921,0.171061627903712,0.170748258677821,0.0350393600054494,0.0349277404334689,0.0351197759001622,0.0349367194781752,0.17577780843355
P48007,1,0.169272925505905,0.174805917451363,0.170511388362054,0.167853766300132,0.0325482675795628,0.0322477115606766,0.0325302911881579,0.0324294097037478,0.187800322348401
Q9FIG8,1,0.16249915430156,0.167218892723476,0.165027178175099,0.169344950857091,0.0380381734864353,0.037958360057729,0.0379257039757804,0.0379280491856786,0.184059537237151
Q9FL35,1,0.164277079615321,0.169924970421164,0.165861504770521,0.163211676238487,0.0390546808422367,0.0389654304196297,0.039057289656561,0.0390230174220178,0.180624350614062
AT3G02085,1,0.16249915430156,0.167218892723476,0.165027178175099,0.169344950857091,0.0380381734864353,0.037958360057729,0.0379257039757804,0.0379280491856786,0.184059537237151
Q9LE44,1,0.170894980652243,0.173591592628191,0.173166782068011,0.178858025116891,0.0305691694375469,0.0305925824286686,0.0304720212490178,0.0304671884865864,0.181387657932844
Q9M2Q2,1,0.170894980652243,0.173591592628191,0.173166782068011,0.178858025116891,0.0305691694375469,0.0305925824286686,0.0304720212490178,0.0304671884865864,0.181387657932844
AT2G08660,1,0.165435598479876,0.172740751014473,0.167689409874705,0.164222717419244,0.0367527670442948,0.035808143836808,0.0370793131225224,0.0364269907241754,0.183844308483901
O23369,1,0.171930698832104,0.176744600010915,0.172631668406342,0.168514937636437,0.0314636267090437,0.0310701613238942,0.0315786689897083,0.0313319670130254,0.184733671078531
O65457,1,0.162187245499303,0.166552054762549,0.164627688717658,0.169990611705375,0.038095345675263,0.0380941834656496,0.0379017712147956,0.0379791885622504,0.184571910397157
Q67Y55,1,0.16249915430156,0.167218892723476,0.165027178175099,0.169344950857091,0.0380381734864353,0.037958360057729,0.0379257039757804,0.0379280491856786,0.184059537237151
O81913,2,0.0327552298243033,0.0326386435877479,0.0326053845834101,0.0324247134901104,0.205745120891758,0.220604119593758,0.20121354109587,0.209266035381331,0.0327472115517114
Q3E6X9,2,0.0430184342376425,0.0428386074042228,0.0428845290568761,0.0427983282871006,0.192671123048638,0.209520522088073,0.185899820563843,0.197642497451974,0.0427261378616296
Q9C8J4,2,0.0357525906637186,0.0359553260957538,0.0357283541793487,0.035506841228323,0.201194017034994,0.215651077055917,0.198040581891269,0.205494791460746,0.0366764203899296
Q84UV0,2,0.0430184342376425,0.0428386074042228,0.0428845290568761,0.0427983282871006,0.192671123048638,0.209520522088073,0.185899820563843,0.197642497451974,0.0427261378616296
F4HQ05,2,0.0413511648148728,0.0410392666986437,0.0411527806980177,0.0410582667702228,0.197036753706277,0.209117290696637,0.188048858138705,0.200500316252138,0.040695302224486
AT1G09907,2,0.037721489667776,0.0372527082904405,0.0374448418300993,0.0371588210353418,0.203027569826756,0.205897739782711,0.202751571589754,0.202583353812989,0.0361619041641325
F4JZB9,2,0.043187992494767,0.0429003727726534,0.0429970525375257,0.0428430026750724,0.195693046346243,0.203010278334865,0.188366686798184,0.198558560194815,0.0424430078458757
Q9LYJ3,2,0.0430184342376425,0.0428386074042228,0.0428845290568761,0.0427983282871006,0.192671123048638,0.209520522088073,0.185899820563843,0.197642497451974,0.0427261378616296
F4KFK3,2,0.0372742047887352,0.0373837151966466,0.0372632396591392,0.0372034099897292,0.200688439349894,0.214252323722891,0.192342365822418,0.205679126297292,0.0379131751732539
A0A1P8BGZ5,2,0.0430184342376425,0.0428386074042228,0.0428845290568761,0.0427983282871006,0.192671123048638,0.209520522088073,0.185899820563843,0.197642497451974,0.0427261378616296
Q8GWF1,2,0.0383880309176678,0.0380593431202356,0.0381944498075428,0.0381546792596446,0.19761050945634,0.220099056980628,0.188093971938169,0.203700687980039,0.0376992705397331
Q9FNK0,2,0.0428812911910559,0.0426054260400953,0.0427069756411903,0.042615504002817,0.194444884281486,0.203847203317812,0.191854709575218,0.196805637173403,0.0422383687769226
Q4V3D6,2,0.0424198505071753,0.041992649397035,0.0421870923923715,0.0421287990803907,0.195972541422448,0.206821177880488,0.187726671879615,0.199377570231516,0.0413736472089605
Q9M2C3,2,0.0364438688403521,0.0360252856807614,0.0361872788209735,0.0360043956879524,0.203982622944896,0.210466186493627,0.202101052186583,0.203477417990841,0.0353118913540141
AT3G08410,2,0.0430184342376425,0.0428386074042228,0.0428845290568761,0.0427983282871006,0.192671123048638,0.209520522088073,0.185899820563843,0.197642497451974,0.0427261378616296
A0A384KZ20,2,0.0430184342376425,0.0428386074042228,0.0428845290568761,0.0427983282871006,0.192671123048638,0.209520522088073,0.185899820563843,0.197642497451974,0.0427261378616296
A0A178VYM0,2,0.0412582449557028,0.0412113131899169,0.0411765914729714,0.041115026457673,0.198716841668796,0.199674556062056,0.198662483197423,0.196781154856981,0.0414037881384805
O81025,2,0.0384563054659801,0.0387150665039935,0.0384734607091819,0.0383293774440683,0.197926779952887,0.212869813928118,0.193180761715072,0.202413355825069,0.0396350784556301
AT2G08290,2,0.0428812911910559,0.0426054260400953,0.0427069756411903,0.042615504002817,0.194444884281486,0.203847203317812,0.191854709575218,0.196805637173403,0.0422383687769226
A0A1P8AZU2,2,0.0327981188320567,0.0325495077729404,0.0326084573481346,0.0324458608446466,0.207578203806767,0.217826827371083,0.199954263219573,0.211915380217099,0.0323233805876999
Q8S8N1,2,0.0343445052333358,0.03435708612614,0.0342476585200887,0.0340672496090941,0.207527442251003,0.209292218673945,0.204297251632409,0.207123937949134,0.0347426500048495
Q9SHC2,2,0.0358904555692365,0.0356355457109815,0.0356655073344423,0.0352936136323285,0.203771390388991,0.210272042403069,0.20242467901238,0.205969529751923,0.0350772361966483
P0CH01,2,0.0348123194130211,0.0348525010247154,0.0347544167745173,0.0346114615621983,0.202783527700779,0.220557572701568,0.19421217983989,0.208244020440301,0.0351720005430104
AT4G05945,2,0.0415270939499123,0.0412639079132061,0.0413660816688306,0.0413112672782443,0.194703642399996,0.211960453722902,0.187646421510385,0.19926817861521,0.040952952941313
AT1G04273,2,0.0363324920796394,0.0363268882603396,0.0361858219859942,0.0357987411547812,0.20839021364279,0.187536289144915,0.222038201915937,0.200960003879985,0.0364313479356185
AT1G04803,2,0.0404379953876872,0.0402698274130998,0.0402980265823798,0.0401402699723238,0.199424276542371,0.198818001026965,0.201352662299591,0.199215472583213,0.0400434681923694
Q56YI8,2,0.0375703900163897,0.0375822395214554,0.0375040723202009,0.0373681857498022,0.205827455369651,0.196970270788688,0.205832810028539,0.203533933378313,0.0378106428269614
Q9LMC8,2,0.0381177103148167,0.0376194858419957,0.0378082396210488,0.0375295964100319,0.206714971901238,0.194755130013374,0.207528200722205,0.203267950492956,0.0366587146823333
B6ETT4,2,0.0388591978402778,0.0389005944629446,0.0387844741952288,0.0386165326575764,0.201943885211018,0.200657188056451,0.20400111848671,0.199010435339195,0.0392265737505978
Q9MAQ3,2,0.0345372814006127,0.0342487135712843,0.0342841030521076,0.0338316008011133,0.208640605071783,0.199991370186932,0.214912230808265,0.206029148907854,0.0335249462000487
F4HPH2,2,0.0364913172505865,0.0363975228775723,0.0363771074995538,0.0361945905269705,0.207625009419801,0.194284343223374,0.214511628395123,0.201842285972437,0.0362761948345812
Q9SX48,2,0.0350434209443425,0.0354769835618202,0.0351342525550677,0.0349765728502463,0.204348707304287,0.20533603586252,0.207171535523512,0.205787765257996,0.0367247261402089
A0A178WE54,2,0.0415342351467839,0.0412981853521461,0.041331568026039,0.0411227240843307,0.200068969486734,0.194460803017809,0.202595027930016,0.196498621586309,0.0410898653698324
AT1G69572,2,0.0307566518911102,0.0308838564676499,0.0306978393783953,0.0304197107939694,0.218329755138314,0.187669242762454,0.23238791529939,0.207564929783411,0.0312900984853065
A0A178WB81,2,0.0328878272234775,0.0327717725660852,0.0327131279442553,0.0323186982541562,0.211469720404325,0.197793541561801,0.217666541158779,0.209877995068957,0.0325007758181632
Q8LAH7,2,0.0328531554045986,0.0331182463403931,0.0328459039712373,0.0325718912576943,0.207504999219937,0.206200657218203,0.211711255836318,0.209272672052482,0.0339212186991373
Q39112,2,0.0356259024361134,0.0354548218120146,0.0354487544682379,0.0351506553084794,0.212528297959942,0.187625354729782,0.219432296274126,0.203624584831779,0.0351093321795268
P0C5K5,2,0.0378084201621279,0.0378783902534637,0.0377496911663491,0.0374738279145861,0.203000734978894,0.198679129527525,0.206239698536089,0.203178539661053,0.0379915677999125
A0A178U7S5,2,0.0404379953876872,0.0402698274130998,0.0402980265823798,0.0401402699723238,0.199424276542371,0.198818001026965,0.201352662299591,0.199215472583213,0.0400434681923694
Q9FMS7,2,0.0431835415454392,0.0432041378952668,0.0430362138812018,0.042544550785125,0.197396506544981,0.191436895072144,0.200604830022624,0.195392258627915,0.0432010656253042
Q9FM36,2,0.0334569849786878,0.0332730034504872,0.0332679030998878,0.0329096912149853,0.211141799996684,0.194970877863179,0.222469493134197,0.205682337014016,0.0328279092478756
AT5G06475,2,0.0346746389566098,0.0345740778836326,0.0345172536117116,0.0341488258694205,0.209577667788869,0.193310046828313,0.219983810244113,0.204938004450341,0.0342756743669899
F4KIX1,2,0.0426571607239194,0.0421521557057081,0.0423619086437863,0.0421145642322186,0.200653417453458,0.189297079713339,0.203676326184126,0.196002163635517,0.0410852237079279
Q9FI39,2,0.0313210974669381,0.0316045619757463,0.0313423288347997,0.0311420091438002,0.210183953202238,0.206482847268081,0.216810249167582,0.208667814624405,0.0324451383164097
A0MFN6,2,0.0408830301690774,0.0407217829670703,0.0407451198969515,0.0406002354469789,0.200406231182186,0.195824342547617,0.203365234110066,0.196925434633188,0.0405285890468648
Q9LSS8,2,0.0406140195587833,0.0403347259710887,0.0403967304071933,0.04001214548889,0.201079775312786,0.193874054631339,0.204828099500879,0.199309911547795,0.0395505375812455
Q9LIQ1,2,0.0345495839694689,0.0345159109959059,0.0344716789577639,0.0343638564980972,0.210422943718251,0.198969590621612,0.211165802391372,0.206895946874323,0.0346446859732055
Q9LIM9,2,0.0389447867422791,0.0386581860581772,0.0387345407066107,0.0385181482598381,0.205415749683837,0.191502863142474,0.209911228658598,0.200152840785696,0.0381616559624907
AT3G27884,2,0.0326988374958834,0.0326205517567711,0.0325614497672615,0.0322895049690539,0.214380226942559,0.190690876587883,0.226632556528512,0.205596453667134,0.0325295422849431
Q9LSI7,2,0.0407950796343156,0.0408278609344985,0.0407441546588597,0.0406734130957732,0.199769092039766,0.196829797713673,0.202271788216725,0.196913289992061,0.0411755237143292
Q9ZVX2,2,0.0353276625140129,0.0354143343044385,0.0352361091017528,0.0348976579446423,0.208399813006467,0.195830621404316,0.215046231171245,0.204107278536678,0.0357402920164476
Q8GW96,2,0.0357450107225863,0.0358839016808479,0.0356599050613014,0.035222265178614,0.20979189760633,0.185087237401292,0.224976672251919,0.201503963772198,0.0361291463249121
O82225,2,0.0441356895585789,0.0437241210162121,0.0438224590256915,0.0434475864384441,0.199246866376183,0.187743466739162,0.199680181738887,0.195175916686,0.0430237124208422
AT2G08340,2,0.042381370473079,0.0428009455689669,0.0424290643361213,0.0420721436294565,0.19751734161785,0.192547671396681,0.199264476719421,0.197198578350712,0.0437884079077125
Q9ZW27,2,0.0333237807229595,0.0333944347678293,0.0332285991903517,0.0328509584804212,0.211567432506226,0.190700772363827,0.226600014817611,0.204820439116424,0.0335135680343502
Q9SKB7,2,0.0347526389702441,0.034810582680465,0.034660501956307,0.0342771976862835,0.21114385919337,0.191209440450609,0.218037979980943,0.206279696879607,0.0348281022021705
Q1PEV9,2,0.0352402739629046,0.0350731508437238,0.0350424472933751,0.0346717661887776,0.210363246715351,0.192624705931711,0.217315843399788,0.204877164970671,0.0347914006936987
Q5PP62,2,0.0405848307090965,0.0404988186967647,0.0404179030555332,0.0400586728697252,0.202917237632932,0.186153404480908,0.212393819607246,0.19658550316737,0.0403898097804247
AT2G09815,2,0.0404379953876872,0.0402698274130998,0.0402980265823798,0.0401402699723238,0.199424276542371,0.198818001026965,0.201352662299591,0.199215472583213,0.0400434681923694
Q9STH4,2,0.0311692993028927,0.03115659973997,0.0310747375267352,0.0308734080212551,0.216618709169046,0.196659816789672,0.220799003531673,0.210333652757079,0.0313147731616773
Q8LCC1,2,0.0380094502613401,0.0378281721776926,0.0378493640816708,0.0376850151108804,0.207295000777058,0.191296152423572,0.21183805661143,0.200538655881481,0.0376601326748761
Q9C5T4,2,0.0417612645790502,0.0418955382170042,0.04165087071066,0.0411611707166407,0.198989999087523,0.189942040137477,0.204516333418951,0.197845503531847,0.042237279600846
F4JTF6,2,0.0352415625044987,0.0353734025500977,0.0352175283254751,0.0349977278118662,0.20800780861964,0.197691301786216,0.213186612633803,0.204573362741563,0.0357106930268403
Q84JK2,2,0.0338069227296381,0.0337902240792251,0.0336588812372114,0.0332405628865185,0.210363641297476,0.193069953682704,0.221755177091931,0.206544873164578,0.0337697638307166
P92532_1,2,0.0422538752113205,0.0418467740594158,0.0419836775199517,0.0416221335165532,0.200933642054326,0.189949494060779,0.20304399549837,0.197517753725591,0.040848654353693
Q9FLT4,2,0.033761312738915,0.0333738471935941,0.0335218549335678,0.0332310493053404,0.208887754315053,0.208469895672526,0.206375001874968,0.209965202015143,0.0324140819508922
Q0WSK8,2,0.0374086034309968,0.0374188665940309,0.0372960754718462,0.0369131814582227,0.202343541354782,0.203478422844465,0.203057908819814,0.204731094197066,0.0373523058287769
Q8GWF4,2,0.0430780021829557,0.0431399778725408,0.042967997939915,0.0425466098111905,0.195908413550736,0.195665051778099,0.195709510014945,0.197749365476386,0.043235071373232
Q0IGM7,2,0.0420966153389059,0.0425794983900021,0.0421644322285015,0.0418718195051125,0.195926925316878,0.197466379012731,0.195931575349607,0.198013094657956,0.0439496602003061
Q9LR44,3,0.0264834189080631,0.0263860999382521,0.0263820825659049,0.0262306652223917,0.210317844118436,0.236686359562544,0.202219373016725,0.21902524500296,0.0262689116647227
A0A178W1Y6,3,0.0280175677743976,0.0278502399987063,0.027877502569331,0.0277422782418265,0.214959992939368,0.220111848360721,0.210245913191356,0.215470994754992,0.0277236621693016
Q9SHH7,3,0.0122604655503253,0.0122604602707837,0.0122238466377887,0.0121415001953469,0.231978634688453,0.241302803748726,0.224974002750574,0.240525787297764,0.0123324988602371
P92995,3,0.0306370228194282,0.0306767683892498,0.0305596359042473,0.0303541822323727,0.206176011507522,0.227482494997055,0.199073282545683,0.214070942822697,0.0309696587817462
Q9LNS5,3,0.0245479397729927,0.0244987056940283,0.0244475838588089,0.0242828093083643,0.21396701315492,0.232465084870488,0.210940337773264,0.220240747699909,0.024609777867225
Q9SGP6,3,0.0189262282970238,0.0188985949390963,0.0188681911588173,0.0187774943661938,0.220363440562342,0.242348228019405,0.217286470593632,0.225569111064798,0.0189622409986918
Q9XIQ2,3,0.0297092588869307,0.029588808480395,0.0295972840223887,0.0294647079212243,0.206050173918688,0.234016365998472,0.198283140081575,0.213818078963056,0.0294721817272701
Q9FYE0,3,0.0230545274186345,0.0228165469765974,0.0229054235807186,0.0227517310506904,0.219224046696163,0.231773766674725,0.210424582926503,0.22473061603574,0.0223187586402285
Q9FKP1,3,0.027986356373557,0.0278595300191105,0.0278765142496041,0.0277742277782671,0.207898403144027,0.238051399238902,0.198178058283571,0.216585145259785,0.0277903656531766
F4JZS0,3,0.0124379012964865,0.0124074446793096,0.0123944661857241,0.0123232064704317,0.225034929937166,0.26196311706179,0.21175792388251,0.239274568794335,0.0124064416922466
A0A140JWM8_1,3,0.0272213072336147,0.0273649610873609,0.0272233332410814,0.0271102935994879,0.21344304842997,0.218551885725176,0.215546907995822,0.215716423749461,0.0278218389380254
Q940Z5,3,0.0249265857596731,0.0248503351364587,0.0248265576780259,0.0246865860688597,0.212042316991043,0.241748754479022,0.199672910437034,0.222388319985773,0.0248576334641104
A0A1P8BCM6,3,0.00742303085310299,0.00739188199689412,0.00739155146399316,0.0073482796752572,0.233867892887064,0.261353648161477,0.220046134888875,0.247818476323097,0.00735910375023945
Q9FKT9,3,0.0265784161110738,0.0265622389325906,0.0264940997541085,0.0263134960736372,0.213233791066932,0.227651829154398,0.210689710833502,0.215823367763748,0.0266530503100097
Q93WU9,3,0.0256174217982941,0.0255113367034661,0.0255231998185454,0.0254217132870516,0.211955473462501,0.237624660714982,0.205120205732467,0.217819575080699,0.025406413401994
Q9CAE7,3,0.0303727014188012,0.0301043656802119,0.0302019647638056,0.030109263907521,0.209335570676439,0.227007865646108,0.1978344978488,0.215252504477686,0.0297812655806277
A0A384KEP4,3,0.0270129394187603,0.0270679791922287,0.0269428876953058,0.0266799126570751,0.21284641375429,0.220843050049727,0.214482123590658,0.216895966322602,0.0272287273193531
Q9LRW9,3,0.025783235262299,0.0257907783064618,0.0257418970087482,0.0256759624098227,0.214299795135497,0.226400335378811,0.212178209356778,0.218153207336625,0.0259765798049574
Q9LHA1,3,0.0308529704499002,0.0305147508157774,0.0306526720735193,0.0305611505411415,0.207185753890105,0.230861424666543,0.195276982509531,0.214063942178161,0.030030352875322
Q9M1F7,3,0.0265288171900442,0.0263088260573168,0.0263949127042424,0.0263296035082721,0.213822142037051,0.232183244880927,0.203027422202132,0.219396686443749,0.0260083449762657
Q9M2Z8,3,0.0123347093301509,0.0122772041098352,0.0122740281850285,0.0121841992848605,0.230600246805439,0.244156890496234,0.231878154854152,0.23208247557076,0.01221209136354
Q9SMU8,3,0.021362368004203,0.0213228009758465,0.021292649005675,0.0212087685189665,0.214583201345161,0.25064570567738,0.202470276471104,0.225672808300363,0.0214414217013009
Q9LY61,3,0.0200991081733019,0.0199545031700927,0.0199700622112523,0.019797426674559,0.222642691822303,0.232087838113914,0.217153737596733,0.228556187526369,0.0197384447114755
Q9LY00,3,0.0307317431409696,0.0305557897779142,0.030597051177325,0.0305156242102775,0.204783330027946,0.236631309291135,0.191590462110149,0.214140197795167,0.0304544924691167
A0A1P8AXS8,3,0.0273527445231868,0.0272366969260392,0.0272314149869824,0.0270805477351181,0.212409012187997,0.226367037678474,0.207303917351928,0.217807321865684,0.0272113067445905
Q7Y232,3,0.0200510450575119,0.0199187733207663,0.0199489118278605,0.0198544783324602,0.217419491343881,0.249892661530094,0.206026731994176,0.227128444232085,0.0197594623611665
Q8GXE6,3,0.0320455822971239,0.0317567782201977,0.0318502050149154,0.0317218757807476,0.208642205299787,0.220749795567283,0.198625733323618,0.213182203792952,0.0314256207033753
Q93WU8,3,0.0234990519128053,0.0234239253888211,0.0234231529977603,0.0233586873569681,0.212892792924003,0.248778235754348,0.197638825017333,0.223541149693855,0.0234441789541064
O23077,3,0.0323419402091714,0.0319352205516902,0.0321115845349209,0.0319988610047123,0.205419690075689,0.227708927324384,0.19557509584305,0.211636789806716,0.0312718906496656
O81815,3,0.0243890138432837,0.0241675297387535,0.0242165140378009,0.0240000702242786,0.21761253129952,0.229466019755328,0.208175130396411,0.22420247354752,0.023770717157105
A0A178UXE6,3,0.030765457760218,0.0305511196078211,0.0305807817609036,0.0303943617920755,0.209590553793599,0.21835147601848,0.206454778927677,0.212918164606161,0.0303933057330646
Q93WT0,3,0.030650254710159,0.0307309849555411,0.0306235965564321,0.0305196219914353,0.20546490249531,0.229755065778085,0.198008394185461,0.213130034990949,0.031117144336628
Q8VZE9,3,0.0245142390411937,0.024286950123595,0.0243376418565447,0.0241471188382726,0.217536334425417,0.229837522680845,0.207533776694074,0.223844323569299,0.0239620927707594
O23180,3,0.0129724906439019,0.0129543932204329,0.0129321858890588,0.0128689160477396,0.229148425794856,0.248706063885708,0.218754292241921,0.238657546042456,0.013005686233926
B3H5Q1,3,0.0299626274880812,0.0299357029351776,0.0298322562792773,0.0294985535339004,0.212168612608423,0.20721307793355,0.218613017823055,0.212809282566248,0.0299668688322879
Q9SXA7,3,0.028806893682152,0.0288700230734474,0.0287156968517217,0.028393963403856,0.219031023527097,0.191731959383101,0.234279921136436,0.21109172797242,0.0290787909697689
Q3E7S2,3,0.0216166200530156,0.021504597898815,0.0215010084015197,0.0213280212520814,0.229081290824043,0.204120603186428,0.236851325660476,0.22263908608367,0.0213574466399517
Q6ICW9,3,0.0302502667214001,0.0300521887513185,0.0300759628558974,0.0298035425352429,0.218863164814198,0.194280322070204,0.225861097600805,0.211192618157891,0.0296208364930425
F4HPY8,3,0.0176993485148785,0.01767336432049,0.0176332312754822,0.0174736681051493,0.229549250689177,0.21007679032574,0.247489733574448,0.224768898744801,0.0176357144498332
Q8L616,3,0.0235913979313595,0.0234046610146574,0.0234355113798203,0.0232091002998671,0.226437798106373,0.200733582387565,0.236960849570004,0.219200742279048,0.0230263570313064
A0A140JWM8,3,0.0235050569515419,0.0234294235840994,0.023419019514695,0.0232839757008828,0.223023531377514,0.209604456222138,0.232355884049666,0.218041066252842,0.0233375863466213
Q8L7D5,3,0.0248211580744678,0.0248763330532107,0.0247672020310422,0.0245772600782593,0.221991797589679,0.200946130704276,0.237881516945367,0.215045263427572,0.0250933380961259
Q9FI37,3,0.0191210068787639,0.0191323187602644,0.0190774989190732,0.0189651580189207,0.226482271605888,0.217359120954394,0.237273906037215,0.223350498874843,0.0192382199506374
F4KG50,3,0.021899532706908,0.0218478940896176,0.0218245618642553,0.0217081226270283,0.229574072161401,0.203600192859624,0.238093912822596,0.219602243531409,0.0218494673371614
F4JYT5,3,0.0294052687564667,0.0292503332280323,0.029273130872384,0.0290423031018969,0.213291601872066,0.211801604940547,0.217251743911896,0.211851787683552,0.0288322256331592
A0A178V5Z5,3,0.0253304070897598,0.0253168982962621,0.0252334566202103,0.0250139517180598,0.222344119528982,0.20256218567137,0.230426090993388,0.218325117550318,0.0254477725316496
A0A1I9LTB9,3,0.0286789405261645,0.0285611072281402,0.0285348461688751,0.0282142280399885,0.214207442309289,0.209791974231899,0.219140961697593,0.214640386038246,0.0282301137598042
AT3G14475,3,0.0231594660732327,0.0231327485817285,0.0230989099890105,0.0229750682320886,0.220774598065731,0.219406113505794,0.222294122384253,0.222001574042521,0.0231573991256409
Q9LS86,3,0.0261256631105486,0.0262024877936908,0.0260813053055556,0.0258526263871852,0.220370069880622,0.202317169265355,0.231529317383869,0.215145609880065,0.0263757509931089
AT3G04495,3,0.0231594660732327,0.0231327485817285,0.0230989099890105,0.0229750682320886,0.220774598065731,0.219406113505794,0.222294122384253,0.222001574042521,0.0231573991256409
Q9LS06,3,0.0289969777651325,0.0290299850299195,0.028900936076246,0.0286118912621152,0.213722112860294,0.207955498536123,0.218898568817014,0.21464218712761,0.0292418425255464
Q9LIJ0,3,0.0226675062493367,0.0227238741957625,0.0226119322380271,0.0223932587263643,0.222771443866496,0.207481575323973,0.235785202740907,0.220657058353059,0.0229081483060748
AT3G29644,3,0.0301885166459225,0.0303958589555936,0.0301723932105126,0.0298718008221224,0.217375413951153,0.191384366557217,0.229764911105482,0.21001431363936,0.0308324251126371
Q3E7K4,3,0.0207186751171984,0.0206978573149959,0.0206642329947424,0.0205501281928451,0.224032767319597,0.221032348454946,0.227101757317772,0.224473418038692,0.0207288152492107
AT3G08230,3,0.0265092548781132,0.0264215485463055,0.02641798190583,0.0262885857362405,0.2194725006874,0.207940713047995,0.22615444938076,0.214468965947566,0.0263259998697907
Q9SJY8,3,0.0252474694525776,0.0254487638081773,0.0252525562993029,0.0250296596588431,0.219774188263851,0.205124689159729,0.231546934037804,0.216662377222608,0.0259133620971064
Q3EBW2,3,0.0245577290286702,0.024625338887168,0.0245041714473701,0.0243089690920709,0.225279434439227,0.198995753013283,0.235055653147755,0.217758426063871,0.024914524880586
O64820,3,0.0214761689690335,0.0214428155005986,0.021394347729045,0.021202506859159,0.227302435174191,0.205200027316402,0.237255956353203,0.223328709177754,0.0213970329206137
Q0PGJ6,3,0.0240562854187807,0.0240297996275137,0.0239871742164261,0.0238432365054511,0.223290528573393,0.205779075506445,0.234786861428016,0.216183104476041,0.0240439342479323
A0A1P8B8B4,3,0.0156947854057589,0.0157232022275285,0.0156579057223454,0.015529739256726,0.228935211961629,0.221257803639719,0.240902991598216,0.230462239373675,0.0158361208144024
Q9M0Z9,3,0.0244264818172337,0.0244274366482174,0.0243395380119386,0.0241136430513999,0.221439062078114,0.20772028221091,0.22854420154989,0.220439094746927,0.024550259885369
Q9S9T4,3,0.0231594660732327,0.0231327485817285,0.0230989099890105,0.0229750682320886,0.220774598065731,0.219406113505794,0.222294122384253,0.222001574042521,0.0231573991256409
AT4G15258,3,0.030052085589588,0.0298634909099659,0.0298703345076508,0.0295452624363635,0.215410060980215,0.201989000089116,0.223847071066568,0.209997150730472,0.029425543690061
O23401,3,0.0213795033482342,0.0213551022065694,0.0213145891273009,0.0211850329074981,0.224963437088516,0.212509176559419,0.236498543826606,0.219410359105254,0.0213842558306015
Q9STJ7,3,0.0269896412985733,0.0271548250458288,0.0269612303840948,0.0266845564386087,0.216105951339923,0.207348383809312,0.22616066934031,0.215051733962333,0.0275430083810163
A0A384KHS1,3,0.0298575274789396,0.0299219169271497,0.0297711471782087,0.0294464912438802,0.216926102444298,0.193897423307124,0.230187207453193,0.209879189645754,0.0301129943214527
O81346,3,0.0297000055498437,0.0296093224107692,0.0295506208398181,0.0292594861278915,0.219403659487588,0.190352339062519,0.233149605855941,0.209464253538869,0.0295107071267608
Q3EDG6,3,0.0121425286457148,0.0120814249961438,0.0120776910101545,0.0119723964127411,0.233959532976651,0.238323838794323,0.225435882847867,0.242014514832204,0.0119921894842
Q9FKK9,3,0.0306566732102608,0.030474876370508,0.030505438697716,0.0303259231478489,0.212208173236367,0.211012883341737,0.211958990754958,0.212663400261042,0.0301936409795616
F4IFN6,3,0.0282856607881614,0.0284120267614849,0.0282443683325194,0.0280221742148531,0.212579206901022,0.216222670577177,0.213128993198127,0.21622803566049,0.0288768635661648
AT1G05837,4,0.0492884768501559,0.0489008628531863,0.0490501700650356,0.0488933480092805,0.190158932737857,0.187417354520438,0.188242333628203,0.189773486018384,0.0482750353174591
Q9FZE4,4,0.0509929421083936,0.0505498000710432,0.0507117145538598,0.0504113664850265,0.188280511781212,0.184765464034228,0.186614908723452,0.188059818845155,0.04961347339763
AT1G09327,4,0.0474751087540333,0.047216412206173,0.0472868618690536,0.047104466667271,0.192212502871755,0.189639200528663,0.190029922203762,0.192190097930358,0.046845426968931
Q94CK4,4,0.0572790571553756,0.0567263366184288,0.0569647809018986,0.0568078420059314,0.18143690800322,0.175054904554247,0.180917727644874,0.179028708312157,0.0557837348038678
Q56YG6,4,0.0474751087540333,0.047216412206173,0.0472868618690536,0.047104466667271,0.192212502871755,0.189639200528663,0.190029922203762,0.192190097930358,0.046845426968931
AT3G08975,4,0.0474751087540333,0.047216412206173,0.0472868618690536,0.047104466667271,0.192212502871755,0.189639200528663,0.190029922203762,0.192190097930358,0.046845426968931
Q9SHT4,4,0.0545773509773694,0.0542208267063271,0.0543398735869945,0.0541457236960347,0.184422522149287,0.178559089037787,0.183538175431622,0.182531628466806,0.0536648099477718
Q6DSS2,4,0.0474751087540333,0.047216412206173,0.0472868618690536,0.047104466667271,0.192212502871755,0.189639200528663,0.190029922203762,0.192190097930358,0.046845426968931
O49722,4,0.0572790571553756,0.0567263366184288,0.0569647809018986,0.0568078420059314,0.18143690800322,0.175054904554247,0.180917727644874,0.179028708312157,0.0557837348038678
AT1G04677,4,0.0477556588695539,0.0473408600747876,0.0475317593980897,0.0475089694102559,0.187519301535506,0.204220597989274,0.179008155754277,0.192293193473007,0.0468215034952481
AT1G04973,4,0.0507535621482682,0.0503801204198655,0.0505444956319818,0.0505253198880014,0.184369787744347,0.19739006322653,0.179182656650045,0.186901001736128,0.0499529925548326
Q9C6H5,4,0.045256056095961,0.0447535646315964,0.0449955400207548,0.044966257657193,0.191958455175899,0.204301550225036,0.184354622793838,0.195403148770498,0.0440108046292231
A0A1P8BGN4,4,0.0507535621482682,0.0503801204198655,0.0505444956319818,0.0505253198880014,0.184369787744347,0.19739006322653,0.179182656650045,0.186901001736128,0.0499529925548326
Q9LSJ5,4,0.0471807103328031,0.0467746509747511,0.046951498371407,0.0468876031005212,0.190390365728252,0.199695611107355,0.182848072653144,0.193032197948652,0.0462392897831141
AT3G09855,4,0.0492460672470884,0.0488829320944391,0.0490306782602435,0.0489468660823681,0.188182702877996,0.191887283679958,0.187567638427912,0.187892047971284,0.0483637833587118
P0C042,4,0.0507535621482682,0.0503801204198655,0.0505444956319818,0.0505253198880014,0.184369787744347,0.19739006322653,0.179182656650045,0.186901001736128,0.0499529925548326
A0A178W2S0,4,0.0515785955280527,0.0519905128823425,0.0516438769164479,0.0513192350883712,0.185430567845838,0.182502564586548,0.187431164190302,0.18521984753148,0.0528836354306177
Q9FYG6,4,0.0452962887705147,0.0452229194308237,0.0451238394151159,0.0446179644759145,0.195812543748245,0.187248747209419,0.197155972296315,0.194657893836015,0.0448638308176371
Q9S7T7,4,0.0442018840124436,0.0443888269495831,0.0440981843278535,0.0436660259897085,0.197194552844342,0.183997302592768,0.203625078844349,0.193678997784708,0.0451491466542449
Q9LYP8,4,0.0500457803317727,0.0495462002282759,0.0497163648937938,0.049202974452317,0.188735112659183,0.185827448889163,0.190231411367626,0.188555753593116,0.0481389535847531
Q9LEZ7,4,0.0482104096634805,0.0480534788390199,0.047987841773372,0.0476247250657207,0.190222477768517,0.18749107282358,0.192043013859109,0.190268347867617,0.0480986323395838
Q9FY65,4,0.0468021515931158,0.0475313654552499,0.0469559176593015,0.0465838077446507,0.192917803098048,0.179738747444224,0.201569933893424,0.188593879842643,0.0493063932693431
AT5G05235,4,0.0513721197710923,0.0512770418097594,0.0512380632931511,0.0510079328723503,0.187874991550822,0.18062798550366,0.190718517656808,0.184663728185424,0.0512196193569332
Q9LV63,4,0.0564832602864144,0.0561453966206916,0.0562658182511287,0.056152294664594,0.180547545732905,0.17938524834602,0.180826627204047,0.178491434724085,0.0557023741701137
Q3EB64,4,0.0492983391356093,0.0494380405250339,0.0492382052813894,0.0489614205391041,0.191661055594205,0.178992828063929,0.195698677759305,0.186771876909427,0.0499395561919974
F4JMQ0,4,0.0454371152652986,0.0453858640509723,0.045302650720308,0.0450166330105127,0.196968221463911,0.184517627554819,0.199225320576302,0.192716339460622,0.0454302278972542
P93292,4,0.0564832602864144,0.0561453966206916,0.0562658182511287,0.056152294664594,0.180547545732905,0.17938524834602,0.180826627204047,0.178491434724085,0.0557023741701137
AT1G08697,5,0.187304367546397,0.191687954574068,0.187514411142252,0.180925907876171,0.0154476755013533,0.0152920082163537,0.0154892511916638,0.0153804017508001,0.190958022200941
Q9SU32,5,0.187205105112821,0.191225700158293,0.190017753830912,0.190714975695892,0.013933759837512,0.0138006972164334,0.0139331156635297,0.0138730037153383,0.185295888769268
AT1G04743,5,0.188233736103245,0.185670108857084,0.187088113735866,0.19058741443653,0.0157272247095378,0.0157156115451669,0.0156784815285932,0.0156860741415427,0.185613234942435
Q3E8R5,5,0.185616665941424,0.192295841754338,0.19012304039947,0.194351873358294,0.0109045770243784,0.0108258269064311,0.0108849923832864,0.0108502944748044,0.194146887757573
AT3G05955,5,0.185019038676181,0.189085285936627,0.188599995816586,0.19275606829312,0.0143697195943048,0.0142857463855333,0.0143568306122997,0.0143208487237685,0.18720646596158
Q9SRY5,5,0.160428982672731,0.173818035001732,0.165614345514195,0.166223075548964,0.030673455076241,0.0305799316319783,0.0306389683252539,0.0306284312335355,0.211394774995369
O04089,5,0.166062575356407,0.179847710207228,0.170344933151833,0.166710476402007,0.0260121827214705,0.0254741321438556,0.0262118093537528,0.025803823461427,0.213532357202019
Q9C615,5,0.182089991974543,0.185414734497354,0.182331157531205,0.179882653706007,0.0195248748121686,0.0193873183956137,0.0195037636307997,0.0194589098407598,0.19240659561155
Q9C6C8,5,0.159973795600609,0.179047576715738,0.167235167254461,0.167974237241965,0.0217077728452047,0.0214380756346548,0.0217482765286424,0.0215887845886432,0.239286313590081
Q9C8J6,5,0.165868815967707,0.180349018012754,0.171226434885661,0.170591738730917,0.0239259287237428,0.0233490299779115,0.0240957080104118,0.023699396019134,0.21689392967176
A0A178WC31,5,0.17262876013272,0.178321389875386,0.176043050587083,0.182138035366634,0.0236415703790297,0.0235630997399518,0.023585997049209,0.0235669670768059,0.19651112979318
A8MRV9,5,0.174601313360824,0.183013362320927,0.177344270441624,0.174642169124755,0.023175473854024,0.0230177445823805,0.0232107637134498,0.0230974316434906,0.197897470958526
Q9CAC7,5,0.159300818677218,0.175808109898326,0.166357795356374,0.170283665477717,0.0247181274702166,0.0246586661879424,0.0246582319905194,0.0246515715082067,0.229563013433479
F4IBG8,5,0.163133472011722,0.176841489118174,0.168096872906143,0.169877058538862,0.0247452721279076,0.0245772511398392,0.0247305552210561,0.0246586176955421,0.223339411240754
F4I5D5,5,0.164566110989953,0.183934700105881,0.173670977734467,0.183489508153404,0.0104577293362996,0.0103694850524027,0.0104486120190957,0.0104069616450839,0.252655914963412
Q9C7T1,5,0.162437094703792,0.185099685030698,0.17126468747216,0.17253694408593,0.0144551006397954,0.0142744304327821,0.0144919588180619,0.0143685290944805,0.2510715697223
Q9C6B9,5,0.177664291552228,0.189801409385655,0.181892646181275,0.17734031334453,0.0168555897576317,0.0166152185598809,0.0169125689620143,0.0167643996539453,0.20615356260284
Q1G324,5,0.182283287124241,0.188373370463522,0.186362367643605,0.18837232699836,0.0165873960585449,0.0165146543608814,0.0165723724878971,0.0165331135848959,0.188401111278053
Q9LZV9,5,0.174711360804912,0.184940021451354,0.177780351625506,0.17239414509255,0.0231483270077279,0.0226316899492133,0.0233445976674614,0.022937952043209,0.198111554358066
Q9LXE7,5,0.166898928658258,0.17293620349813,0.170612569276623,0.177646128004443,0.0297113586390059,0.0296731988365701,0.0295655507289677,0.0296165614767681,0.193339500881234
Q39034,5,0.167342411006823,0.181812835641636,0.173759690557309,0.178835412230022,0.0174037517167678,0.0172940961376711,0.0173785854610809,0.0173343103803906,0.2288389068683
Q9FG67,5,0.169585554817095,0.186654647748531,0.175202066624096,0.170976019089036,0.0182394124218936,0.0178759386787886,0.0183297021754812,0.0181018677975111,0.225034790647567
Q6NNI3,5,0.168589255719623,0.179435866915271,0.172210601141607,0.169931258668053,0.0268584231862185,0.0264264488507758,0.0270419468267083,0.0266643011438173,0.202841897547926
Q9FIY6,5,0.163063927797448,0.179429989432096,0.168631671353623,0.16817706195406,0.0220469349023386,0.0218340822606469,0.0220891904475868,0.021948770829134,0.232778371023066
Q9FJ49,5,0.162132095868384,0.177019463217144,0.16933006550254,0.175211512089435,0.0241775484603692,0.0240560313800536,0.0241068420708764,0.0240834541162133,0.219882987294984
Q5XV21,5,0.168875653655084,0.179833671366628,0.172612437922171,0.170024747857526,0.0269627215399605,0.0263424114596458,0.0271682843385673,0.0267301984209044,0.201449873439512
AT5G07725,5,0.164895061361772,0.177701279701265,0.170043719491889,0.173647561482006,0.0232399442811504,0.0229414525103877,0.0232683534132067,0.0231069591091781,0.221155668649145
Q9FLI4,5,0.172076602522749,0.187754482848716,0.177740410428364,0.172929282970607,0.0196315618669206,0.0192324538486126,0.0197681270876962,0.0194717718636052,0.21139530656273
Q9LTH9,5,0.161330578806112,0.177092766669227,0.168548487191741,0.173428292520343,0.0239151198070231,0.0238894549094445,0.0238763029690921,0.0238480583105907,0.224070938816427
Q9FLK4,5,0.174447618738776,0.183939831251525,0.177021271540902,0.174592445677602,0.0205715997802339,0.0202473177775915,0.0206671155529457,0.0204450921548546,0.20806770752557
Q9S702,5,0.173679926255033,0.185875217503286,0.17732671607022,0.171121319778548,0.022408704138969,0.0218735314511587,0.0225906506687303,0.0222048067099964,0.202919127424058
Q9M886,5,0.166016249758965,0.182151645715765,0.172211558454234,0.172252603446679,0.0209963423326166,0.0206720930807832,0.0210507196303746,0.0208355618242059,0.223813225756376
Q9M880,5,0.159220200259491,0.177829485574823,0.166874147850034,0.170784573102454,0.0208576329981879,0.0207247864367614,0.0208446209415869,0.0207710097081193,0.242093543128542
AT3G06962,5,0.177498400206507,0.190882012478711,0.183244304301985,0.182762002889444,0.0139643627804258,0.0138495211468638,0.0139754396017651,0.0138995597183337,0.209924396875965
Q9SFV6,5,0.164085889876854,0.181939364292528,0.17265524467205,0.179208852532506,0.0175296225709664,0.017449093292918,0.017499957821576,0.0174712193742378,0.232160755566363
Q9SG92,5,0.167855220432226,0.181424648534175,0.17314355750767,0.172391484183874,0.0237867107655064,0.0235777204447226,0.0238314189842824,0.0236545374985278,0.210334701649016
Q84WJ6,5,0.161996581633784,0.180458416486385,0.16980333852779,0.175322018795919,0.0162071217205734,0.0161592174264652,0.0161750226569248,0.0161601633620377,0.247718119390121
Q9LE06,5,0.164137699986501,0.183955759342185,0.171564542405461,0.169970751292412,0.0192519655225453,0.0188602286699945,0.0193617221683674,0.0190910465027904,0.233806284109742
Q9LTP5,5,0.171350597763186,0.180261375118809,0.173798621067352,0.168689678293036,0.028341433515703,0.0276577672371465,0.0286087874917654,0.0280733160083018,0.1932184235047
Q9LRM4,5,0.162925377700554,0.180349914252477,0.171072328915407,0.17683787712527,0.0199400298291779,0.0197933713880331,0.0199152352541381,0.0198446876361636,0.229321177898779
C0LGP2,5,0.170821093044442,0.183649401947013,0.175546460658603,0.176166077220094,0.0185348632952446,0.0184520054502014,0.0185119747247384,0.018495913689668,0.219822209969996
Q9M2Y9,5,0.158299480763443,0.179847493795683,0.166636800765702,0.169474824957807,0.0173447238376079,0.0172048108215735,0.0173464739977047,0.0172720639145986,0.256573327145881
Q9M1I2,5,0.160830078532253,0.180579439639158,0.169022783702753,0.172746112305917,0.0180121356662255,0.0177549276934222,0.0180724465783535,0.0178854710926334,0.245096604789283
Q9M1B9,5,0.165795930103096,0.189355727433846,0.174628053861261,0.172886226696813,0.0119319551173721,0.0117807910911756,0.0119660439495381,0.0118666867703246,0.249788584976574
Q94JR6,5,0.167440218774531,0.181941407000241,0.17198396051064,0.168561984008628,0.0229168385486654,0.0225590527934626,0.0230292182751533,0.0227629319722873,0.218804388116392
Q9LY72,5,0.185041300393341,0.197176468989798,0.188903586914028,0.180016785048755,0.0128138962351641,0.0126447045578704,0.0128380182104954,0.0127438756235533,0.197821364026995
AT2G04785,5,0.174648893819159,0.180896813831648,0.179363359732029,0.188629827628313,0.0201480603915103,0.0201219618417217,0.0200826368685303,0.0200789054066536,0.196029540480435
Q9SI38,5,0.161116917866629,0.180717093360376,0.169045488178952,0.171805499890779,0.0181367935147418,0.0179919268185582,0.0181341469207178,0.0180591063421313,0.244993027107116
Q9ZQR3,5,0.171400767772361,0.186677919817399,0.177072152880834,0.176188940146196,0.0160130223405795,0.0159491549993119,0.0159992391327261,0.0159731564542186,0.224725646456375
Q9ZU70,5,0.159214691997904,0.181291124256442,0.167838154749202,0.168843303263619,0.0186551957561411,0.0184276897501644,0.0187223957331162,0.0185430854071593,0.248464359086252
AT2G08635,5,0.167159001001295,0.181486523010662,0.173243046920612,0.173100360728351,0.0237842847985621,0.0236503370492503,0.02382437952324,0.0236915985510832,0.210060468416945
Q9ZQP6,5,0.1717337126474,0.187040943141615,0.179952020576766,0.187363322036819,0.0130783694699231,0.0130326142005888,0.0130545051695611,0.0130334081782393,0.221711104579087
Q9ZVB5,5,0.165851250682861,0.173117374819389,0.16969556280269,0.176452435724832,0.0288606271609222,0.0289546939470757,0.0286588603213874,0.0288120930647269,0.199597101476115
O81301,5,0.167039228244021,0.18904522203186,0.175303246785048,0.172846094155236,0.0141954090708395,0.0139850349883958,0.0142638406005222,0.0141073461161903,0.239214578007887
A0A178UXQ0,5,0.177359531529786,0.184961740696425,0.180247053165069,0.183699130511786,0.0159414149797616,0.0158187043892261,0.0159310611726131,0.0158767631187354,0.210164600436598
Q38838,5,0.173138623474415,0.181874699918906,0.175337887481852,0.169306252399158,0.0270051566858214,0.0264944430785891,0.0272235844341795,0.0268061582933179,0.192813194233762
A0A178V1C5_1,5,0.180273049286415,0.185457283877142,0.184139570607004,0.190262586122874,0.0164980662349294,0.0164259523520143,0.016471290313157,0.0164440312056885,0.194028170000776
Q9S7I2,5,0.158469021571841,0.179981968305738,0.166983211176978,0.16947596197777,0.018004809001013,0.0179022017917157,0.0180128258543962,0.0179436622068242,0.253226338113724
P48421,5,0.163500572749104,0.183698989518571,0.170855863732495,0.168628311450637,0.0195522935878678,0.0191642850242562,0.0196657415237259,0.0193966185554302,0.235537323857912
Q1G3I2,5,0.172532686687822,0.189871137920093,0.181626899219217,0.18604638127885,0.0135091409624927,0.0133955727567344,0.0135058845095468,0.0134393298902297,0.216072966775015
AT4G16355,5,0.179459772041494,0.187718264203777,0.181898917946774,0.178476603792118,0.018150099092623,0.0178243654576928,0.0182261022940935,0.0180276083562837,0.200218266815145
O49519,5,0.168782227563819,0.182501135864483,0.173124011581884,0.168785093476953,0.0239098012157963,0.0234549422456429,0.0240660087322074,0.0237468373584642,0.211629941960751
Q9LDR8,5,0.16723490640121,0.180237650860778,0.172047285547639,0.170286444087201,0.0256491755968529,0.02544748414238,0.0257099123743226,0.0255719323193196,0.207815208670297
P82794,5,0.177217636023353,0.183770354192305,0.182217109151411,0.188524658261244,0.019741635481964,0.0196524414509743,0.019700623018639,0.0196600407744649,0.189515501645644
Q8RWE5,5,0.17243126957717,0.182843484294185,0.178890853524152,0.187655842160736,0.017770949677294,0.0177028129721658,0.0177209824109691,0.0177097093049314,0.207274096078396
Q9M0D8,5,0.163211362573942,0.180139895385258,0.170858662957094,0.177221643202155,0.0176238993389015,0.0175786634580435,0.0175847456225273,0.01757174525695,0.238209382205129
Q9SZW4,5,0.174061560546225,0.184432501416113,0.177780240174054,0.173342319599004,0.0241774712723805,0.0236135226242879,0.0243125468575174,0.0239628471760565,0.194316990334362
